lambda, I
188.96, -31.45
189.424, -31.45
189.887, -31.45
190.351, -61.88
190.815, -54.86
191.279, -50.18
191.742, -101.67
192.206, -36.13
192.669, -120.39
193.133, -29.11
193.596, -40.81
194.06, -52.52
194.523, 27.06
194.987, -47.83
195.45, -10.39
195.913, 29.4
196.376, 29.4
196.84, 101.96
197.303, 73.87
197.766, 106.64
198.229, 120.68
198.692, 153.45
199.155, 148.77
199.618, 139.41
200.081, 127.71
200.543, 218.99
201.006, 197.92
201.469, 228.35
201.932, 204.94
202.394, 240.05
202.857, 310.27
203.32, 247.07
203.782, 272.82
204.245, 251.75
204.707, 296.22
205.169, 298.56
205.632, 319.63
206.094, 284.52
206.556, 321.97
207.019, 343.03
207.481, 312.61
207.943, 279.84
208.405, 333.67
208.867, 310.27
209.329, 375.8
209.791, 230.69
210.253, 303.25
210.715, 319.63
211.177, 331.33
211.639, 312.61
212.1, 310.27
212.562, 235.37
213.024, 307.93
213.485, 300.91
213.947, 282.18
214.408, 303.25
214.87, 284.52
215.331, 275.16
215.793, 275.16
216.254, 293.88
216.715, 244.73
217.177, 300.91
217.638, 249.41
218.099, 254.09
218.56, 249.41
219.021, 270.48
219.482, 275.16
219.944, 230.69
220.404, 336.01
220.865, 249.41
221.326, 331.33
221.787, 268.14
222.248, 268.14
222.709, 336.01
223.169, 263.46
223.63, 286.86
224.091, 258.78
224.551, 244.73
225.012, 307.93
225.472, 326.65
225.933, 240.05
226.393, 268.14
226.854, 251.75
227.314, 270.48
227.774, 275.16
228.234, 268.14
228.695, 300.91
229.155, 289.2
229.615, 307.93
230.075, 314.95
230.535, 296.22
230.995, 237.71
231.455, 247.07
231.915, 317.29
232.375, 361.76
232.834, 282.18
233.294, 310.27
233.754, 268.14
234.214, 233.03
234.673, 314.95
235.133, 289.2
235.592, 279.84
236.052, 319.63
236.511, 270.48
236.971, 324.31
237.43, 242.39
237.889, 303.25
238.349, 223.67
238.808, 237.71
239.267, 328.99
239.726, 233.03
240.185, 347.72
240.644, 298.56
241.103, 291.54
241.562, 237.71
242.021, 317.29
242.48, 293.88
242.939, 298.56
243.398, 209.62
243.857, 211.96
244.315, 312.61
244.774, 300.91
245.233, 298.56
245.691, 314.95
246.15, 338.35
246.608, 240.05
247.067, 223.67
247.525, 218.99
247.983, 291.54
248.442, 279.84
248.9, 366.44
249.358, 289.2
249.816, 268.14
250.274, 251.75
250.733, 312.61
251.191, 331.33
251.649, 298.56
252.107, 314.95
252.564, 270.48
253.022, 338.35
253.48, 319.63
253.938, 303.25
254.396, 272.82
254.853, 317.29
255.311, 289.2
255.769, 350.06
256.226, 371.12
256.684, 326.65
257.141, 345.38
257.599, 214.31
258.056, 263.46
258.513, 324.31
258.971, 233.03
259.428, 321.97
259.885, 270.48
260.342, 359.42
260.799, 319.63
261.256, 265.8
261.714, 314.95
262.171, 340.69
262.627, 272.82
263.084, 293.88
263.541, 244.73
263.998, 263.46
264.455, 258.78
264.912, 331.33
265.368, 272.82
265.825, 354.74
266.281, 270.48
266.738, 277.5
267.194, 272.82
267.651, 354.74
268.107, 331.33
268.564, 242.39
269.02, 286.86
269.476, 326.65
269.933, 298.56
270.389, 291.54
270.845, 251.75
271.301, 282.18
271.757, 284.52
272.213, 307.93
272.669, 279.84
273.125, 228.35
273.581, 307.93
274.037, 343.03
274.492, 284.52
274.948, 307.93
275.404, 333.67
275.86, 289.2
276.315, 272.82
276.771, 357.08
277.226, 275.16
277.682, 258.78
278.137, 256.43
278.593, 303.25
279.048, 298.56
279.503, 357.08
279.958, 258.78
280.414, 319.63
280.869, 268.14
281.324, 331.33
281.779, 298.56
282.234, 371.12
282.689, 228.35
283.144, 305.59
283.599, 286.86
284.054, 336.01
284.508, 352.4
284.963, 389.85
285.418, 324.31
285.873, 319.63
286.327, 275.16
286.782, 291.54
287.236, 300.91
287.691, 300.91
288.145, 307.93
288.6, 343.03
289.054, 307.93
289.508, 279.84
289.963, 359.42
290.417, 275.16
290.871, 328.99
291.325, 321.97
291.779, 247.07
292.233, 296.22
292.687, 286.86
293.141, 317.29
293.595, 296.22
294.049, 300.91
294.503, 333.67
294.957, 314.95
295.41, 336.01
295.864, 319.63
296.318, 303.25
296.771, 319.63
297.225, 314.95
297.678, 364.1
298.132, 265.8
298.585, 328.99
299.039, 312.61
299.492, 361.76
299.945, 303.25
300.398, 319.63
300.852, 247.07
301.305, 268.14
301.758, 305.59
302.211, 319.63
302.664, 406.23
303.117, 385.16
303.57, 314.95
304.023, 319.63
304.476, 354.74
304.928, 314.95
305.381, 247.07
305.834, 328.99
306.286, 340.69
306.739, 284.52
307.192, 282.18
307.644, 282.18
308.097, 336.01
308.549, 366.44
309.001, 272.82
309.454, 359.42
309.906, 317.29
310.358, 317.29
310.81, 312.61
311.263, 415.59
311.715, 366.44
312.167, 336.01
312.619, 406.23
313.071, 441.34
313.523, 488.15
313.975, 401.55
314.426, 284.52
314.878, 286.86
315.33, 289.2
315.782, 350.06
316.233, 387.5
316.685, 268.14
317.136, 277.5
317.588, 298.56
318.039, 272.82
318.491, 333.67
318.942, 258.78
319.393, 300.91
319.845, 303.25
320.296, 340.69
320.747, 277.5
321.198, 338.35
321.649, 275.16
322.101, 328.99
322.552, 305.59
323.003, 324.31
323.453, 312.61
323.904, 338.35
324.355, 364.1
324.806, 357.08
325.257, 408.57
325.707, 333.67
326.158, 340.69
326.609, 326.65
327.059, 303.25
327.51, 291.54
327.96, 328.99
328.411, 305.59
328.861, 336.01
329.311, 389.85
329.762, 462.4
330.212, 303.25
330.662, 328.99
331.112, 336.01
331.562, 333.67
332.012, 357.08
332.462, 347.72
332.912, 368.78
333.362, 373.46
333.812, 385.16
334.262, 345.38
334.712, 420.27
335.161, 338.35
335.611, 364.1
336.061, 298.56
336.51, 336.01
336.96, 471.76
337.409, 373.46
337.859, 350.06
338.308, 321.97
338.758, 350.06
339.207, 375.8
339.656, 359.42
340.105, 338.35
340.555, 385.16
341.004, 403.89
341.453, 359.42
341.902, 296.22
342.351, 312.61
342.8, 340.69
343.249, 415.59
343.698, 371.12
344.146, 310.27
344.595, 417.93
345.044, 352.4
345.493, 417.93
345.941, 399.21
346.39, 378.14
346.838, 422.61
347.287, 371.12
347.735, 403.89
348.184, 436.66
348.632, 347.72
349.08, 429.63
349.529, 417.93
349.977, 345.38
350.425, 436.66
350.873, 457.72
351.321, 439
351.769, 385.16
352.217, 448.36
352.665, 343.03
353.113, 434.32
353.561, 396.87
354.009, 410.91
354.456, 443.68
354.904, 361.76
355.352, 497.51
355.799, 436.66
356.247, 518.57
356.694, 431.98
357.142, 446.02
357.589, 476.45
358.037, 413.25
358.484, 431.98
358.931, 350.06
359.379, 399.21
359.826, 378.14
360.273, 429.63
360.72, 523.26
361.167, 408.57
361.614, 431.98
362.061, 361.76
362.508, 448.36
362.955, 448.36
363.402, 675.39
363.848, 1150.52
364.295, 1709.91
364.742, 2278.66
365.188, 2896.56
365.635, 2868.47
366.082, 2241.21
366.528, 1737.99
366.975, 1110.73
367.421, 797.1
367.867, 633.26
368.314, 460.06
368.76, 422.61
369.206, 469.42
369.652, 467.08
370.098, 422.61
370.545, 410.91
370.991, 378.14
371.437, 396.87
371.882, 467.08
372.328, 448.36
372.774, 415.59
373.22, 394.53
373.666, 464.74
374.111, 364.1
374.557, 429.63
375.003, 478.79
375.448, 415.59
375.894, 446.02
376.339, 424.95
376.785, 443.68
377.23, 476.45
377.675, 371.12
378.121, 460.06
378.566, 502.19
379.011, 469.42
379.456, 453.04
379.901, 436.66
380.346, 462.4
380.791, 506.87
381.236, 504.53
381.681, 483.47
382.126, 450.7
382.571, 399.21
383.016, 406.23
383.461, 457.72
383.905, 394.53
384.35, 387.5
384.794, 422.61
385.239, 403.89
385.683, 326.65
386.128, 373.46
386.572, 436.66
387.017, 382.82
387.461, 359.42
387.905, 392.19
388.349, 364.1
388.794, 347.72
389.238, 401.55
389.682, 371.12
390.126, 364.1
390.57, 410.91
391.014, 364.1
391.457, 415.59
391.901, 352.4
392.345, 382.82
392.789, 359.42
393.233, 396.87
393.676, 357.08
394.12, 399.21
394.563, 406.23
395.007, 371.12
395.45, 413.25
395.894, 406.23
396.337, 357.08
396.78, 436.66
397.224, 385.16
397.667, 364.1
398.11, 464.74
398.553, 429.63
398.996, 333.67
399.439, 457.72
399.882, 406.23
400.325, 436.66
400.768, 420.27
401.211, 413.25
401.654, 401.55
402.096, 520.92
402.539, 511.55
402.982, 864.97
403.424, 2306.74
403.867, 3486.37
404.309, 4715.16
404.752, 6096.07
405.194, 5056.87
405.637, 3451.27
406.079, 1892.47
406.521, 1255.84
406.963, 1141.16
407.406, 930.51
407.848, 998.38
408.29, 893.06
408.732, 719.86
409.174, 616.88
409.616, 506.87
410.058, 464.74
410.499, 455.38
410.941, 504.53
411.383, 523.26
411.825, 513.89
412.266, 516.23
412.708, 506.87
413.15, 527.94
413.591, 574.75
414.033, 443.68
414.474, 504.53
414.915, 467.08
415.357, 492.83
415.798, 530.28
416.239, 474.1
416.68, 476.45
417.121, 439
417.563, 563.05
418.004, 469.42
418.445, 516.23
418.885, 495.17
419.326, 495.17
419.767, 541.98
420.208, 504.53
420.649, 509.21
421.089, 532.62
421.53, 504.53
421.971, 546.66
422.411, 527.94
422.852, 478.79
423.292, 485.81
423.733, 476.45
424.173, 497.51
424.613, 497.51
425.054, 462.4
425.494, 448.36
425.934, 448.36
426.374, 588.79
426.814, 504.53
427.254, 506.87
427.694, 499.85
428.134, 537.3
428.574, 527.94
429.014, 574.75
429.454, 462.4
429.893, 520.92
430.333, 469.42
430.773, 520.92
431.212, 539.64
431.652, 642.62
432.091, 572.41
432.531, 565.39
432.97, 675.39
433.41, 815.82
433.849, 1017.11
434.288, 3130.61
434.727, 8080.85
435.167, 9824.54
435.606, 14608.6
436.045, 16890.62
436.484, 12373.39
436.923, 7652.53
437.362, 4148.75
437.801, 2407.39
438.239, 1824.59
438.678, 1232.44
439.117, 923.49
439.556, 771.35
439.994, 635.6
440.433, 612.2
440.871, 642.62
441.31, 647.3
441.748, 666.03
442.187, 668.37
442.625, 572.41
443.063, 595.81
443.502, 509.21
443.94, 598.15
444.378, 642.62
444.816, 574.75
445.254, 614.54
445.692, 549
446.13, 649.64
446.568, 623.9
447.006, 586.45
447.444, 563.05
447.881, 637.94
448.319, 591.13
448.757, 619.22
449.194, 591.13
449.632, 616.88
450.07, 584.11
450.507, 602.83
450.944, 602.83
451.382, 616.88
451.819, 621.56
452.256, 623.9
452.694, 609.86
453.131, 614.54
453.568, 509.21
454.005, 577.09
454.442, 605.17
454.879, 570.07
455.316, 558.36
455.753, 595.81
456.19, 586.45
456.627, 586.45
457.063, 579.43
457.5, 637.94
457.937, 581.77
458.373, 595.81
458.81, 539.64
459.246, 593.47
459.683, 551.34
460.119, 523.26
460.556, 591.13
460.992, 544.32
461.428, 530.28
461.864, 574.75
462.301, 649.64
462.737, 640.28
463.173, 574.75
463.609, 628.58
464.045, 651.99
464.481, 637.94
464.917, 633.26
465.352, 623.9
465.788, 673.05
466.224, 642.62
466.66, 579.43
467.095, 656.67
467.531, 694.12
467.966, 541.98
468.402, 656.67
468.837, 560.7
469.273, 635.6
469.708, 654.33
470.143, 682.41
470.578, 565.39
471.014, 588.79
471.449, 635.6
471.884, 588.79
472.319, 668.37
472.754, 726.88
473.189, 654.33
473.624, 640.28
474.059, 588.79
474.493, 591.13
474.928, 708.16
475.363, 687.09
475.797, 595.81
476.232, 654.33
476.667, 687.09
477.101, 675.39
477.536, 698.8
477.97, 754.97
478.404, 752.63
478.839, 754.97
479.273, 846.25
479.707, 895.4
480.141, 853.27
480.575, 1035.83
481.009, 1101.37
481.444, 1274.57
481.877, 1471.17
482.311, 1571.82
482.745, 1887.79
483.179, 2159.29
483.613, 2526.75
484.047, 2980.82
484.48, 3402.11
484.914, 3690
485.347, 4120.66
485.781, 4530.25
486.214, 4930.48
486.648, 5253.48
487.081, 5204.33
487.515, 5255.82
487.948, 5185.6
488.381, 4986.66
488.814, 4787.71
489.247, 4572.38
489.68, 4354.71
490.113, 4225.98
490.546, 4134.7
490.979, 3891.29
491.412, 3895.97
491.845, 3790.64
492.278, 3661.91
492.711, 3484.03
493.143, 3357.64
493.576, 3233.6
494.009, 3205.51
494.441, 2962.09
494.874, 2798.26
495.306, 2772.51
495.738, 2641.44
496.171, 2468.24
496.603, 2486.97
497.035, 2381.64
497.467, 2353.55
497.9, 2180.36
498.332, 2131.2
498.764, 1864.38
499.196, 1789.49
499.628, 1747.36
500.06, 1716.93
500.491, 1546.07
500.923, 1515.64
501.355, 1440.75
501.787, 1415
502.218, 1269.89
502.65, 1150.52
503.081, 1159.88
503.513, 1075.62
503.944, 1005.41
504.376, 946.89
504.807, 982
505.238, 972.64
505.67, 916.47
506.101, 853.27
506.532, 841.57
506.963, 836.89
507.394, 879.02
507.825, 808.8
508.256, 813.48
508.687, 874.34
509.118, 848.59
509.549, 860.29
509.979, 829.87
510.41, 897.74
510.841, 825.19
511.271, 726.88
511.702, 785.4
512.132, 783.06
512.563, 808.8
512.993, 747.95
513.424, 740.93
513.854, 724.54
514.284, 745.61
514.714, 815.82
515.145, 752.63
515.575, 659.01
516.005, 689.43
516.435, 675.39
516.865, 752.63
517.295, 797.1
517.724, 731.56
518.154, 656.67
518.584, 659.01
519.014, 754.97
519.443, 761.99
519.873, 654.33
520.303, 752.63
520.732, 736.24
521.161, 726.88
521.591, 675.39
522.02, 752.63
522.45, 651.99
522.879, 750.29
523.308, 623.9
523.737, 682.41
524.166, 651.99
524.595, 661.35
525.024, 752.63
525.453, 722.2
525.882, 719.86
526.311, 736.24
526.74, 769.01
527.169, 717.52
527.597, 738.59
528.026, 794.76
528.455, 806.46
528.883, 710.5
529.312, 731.56
529.74, 827.53
530.168, 827.53
530.597, 785.4
531.025, 860.29
531.453, 930.51
531.882, 979.66
532.31, 1063.92
532.738, 1230.1
533.166, 1356.49
533.594, 1564.79
534.022, 1560.11
534.45, 1508.62
534.878, 1517.98
535.305, 1515.64
535.733, 1585.86
536.161, 1915.87
536.588, 2339.51
537.016, 2704.64
537.444, 3327.22
537.871, 4008.31
538.299, 4630.9
538.726, 5311.99
539.153, 6496.3
539.581, 8118.29
540.008, 10938.64
540.435, 14578.17
540.862, 18767.73
541.289, 22664.72
541.716, 25707.42
542.143, 26126.38
542.57, 25351.66
542.997, 23650.09
543.424, 23174.96
543.851, 22407.26
544.277, 23093.04
544.704, 26877.69
545.131, 29733.14
545.557, 32647.11
545.984, 39008.68
546.41, 40342.79
546.837, 34353.36
547.263, 26198.93
547.69, 21035.71
548.116, 17747.26
548.542, 15395.02
548.968, 13473.44
549.394, 11736.76
549.82, 10620.33
550.246, 9372.82
550.672, 8389.8
551.098, 7493.37
551.524, 6615.67
551.95, 5885.42
552.376, 5311.99
552.802, 4843.88
553.227, 4242.37
553.653, 3858.52
554.078, 3474.67
554.504, 3137.63
554.929, 2772.51
555.355, 2423.77
555.78, 2194.4
556.206, 2002.47
556.631, 1810.55
557.056, 1632.67
557.481, 1604.58
557.906, 1503.94
558.331, 1454.79
558.756, 1382.23
559.181, 1260.52
559.606, 1176.27
560.031, 1190.31
560.456, 1260.52
560.881, 1190.31
561.305, 1106.05
561.73, 1138.82
562.155, 1117.75
562.579, 1077.96
563.004, 1010.09
563.428, 1056.9
563.853, 970.3
564.277, 970.3
564.701, 1005.41
565.126, 925.83
565.55, 977.32
565.974, 937.53
566.398, 998.38
566.822, 825.19
567.246, 893.06
567.67, 904.76
568.094, 874.34
568.518, 839.23
568.941, 911.78
569.365, 965.62
569.789, 811.14
570.213, 834.55
570.636, 792.42
571.06, 708.16
571.483, 879.02
571.907, 633.26
572.33, 738.59
572.753, 731.56
573.177, 853.27
573.6, 832.21
574.023, 890.72
574.446, 785.4
574.869, 827.53
575.292, 1000.73
575.715, 1918.22
576.138, 2592.29
576.561, 3322.54
576.984, 4415.57
577.407, 5129.43
577.829, 5021.77
578.252, 4338.33
578.675, 4183.85
579.097, 5099
579.52, 5990.75
579.942, 5253.48
580.364, 4724.52
580.787, 4591.11
581.209, 4415.57
581.631, 3987.25
582.054, 4254.07
582.476, 4438.97
582.898, 4752.6
583.32, 4911.76
583.742, 5096.66
584.164, 4935.17
584.586, 4946.87
585.008, 4827.5
585.429, 4729.2
585.851, 4799.41
586.273, 5653.71
586.694, 6091.39
587.116, 6657.8
587.538, 7446.56
587.959, 7654.87
588.38, 6585.24
588.802, 5000.7
589.223, 4254.07
589.644, 3675.96
590.066, 3465.31
590.487, 3587.02
590.908, 3678.3
591.329, 4106.62
591.75, 4532.59
592.171, 5129.43
592.592, 6032.88
593.013, 6599.29
593.434, 6994.84
593.854, 6912.92
594.275, 5901.81
594.696, 4696.43
595.116, 3963.84
595.537, 3341.26
595.957, 3025.29
596.378, 2856.77
596.798, 2912.94
597.218, 2889.54
597.639, 3022.95
598.059, 3219.55
598.479, 3645.53
598.899, 4179.17
599.319, 4565.36
599.739, 4914.1
600.159, 4717.5
600.579, 4382.8
600.999, 3835.11
601.419, 3273.39
601.839, 2934.01
602.259, 2447.18
602.678, 2259.93
603.098, 2103.12
603.517, 2070.35
603.937, 2079.71
604.356, 2187.38
604.776, 2276.32
605.195, 2295.04
605.614, 2292.7
606.034, 2559.52
606.453, 2650.8
606.872, 2924.65
607.291, 3252.32
607.71, 3795.32
608.129, 4513.87
608.548, 5391.57
608.967, 6807.59
609.386, 9878.38
609.805, 15767.17
610.223, 25417.19
610.642, 34423.58
611.061, 43617.2
611.479, 52141.43
611.898, 54210.46
612.316, 50315.81
612.735, 40508.97
613.153, 32429.44
613.571, 25836.15
613.99, 22269.17
614.408, 19235.84
614.826, 17637.25
615.244, 15380.98
615.662, 13169.17
616.08, 10758.42
616.498, 8797.05
616.916, 7198.46
617.334, 5962.66
617.752, 5206.67
618.169, 4614.51
618.587, 4350.03
619.005, 3814.05
619.422, 3720.43
619.84, 3580
620.257, 3617.44
620.675, 3549.57
621.092, 3718.09
621.509, 3699.36
621.927, 3699.36
622.344, 3821.07
622.761, 3692.34
623.178, 3893.63
623.595, 3921.71
624.012, 4062.15
624.429, 4221.3
624.846, 4228.32
625.263, 4235.35
625.68, 4221.3
626.097, 4305.56
626.513, 4244.71
626.93, 4307.9
627.346, 4162.79
627.763, 4118.32
628.179, 4062.15
628.596, 4017.68
629.012, 4188.53
629.429, 4312.58
629.845, 4820.48
630.261, 5447.74
630.677, 5897.13
631.093, 6278.63
631.509, 6475.24
631.925, 5972.02
632.341, 4881.33
632.757, 3776.6
633.173, 2959.75
633.589, 2168.65
634.005, 1871.4
634.42, 1742.68
634.836, 1457.13
635.252, 1347.12
635.667, 1241.8
636.083, 1202.01
636.498, 1169.24
636.913, 1021.79
637.329, 1061.58
637.744, 1124.77
638.159, 1040.51
638.574, 972.64
638.99, 911.78
639.405, 937.53
639.82, 944.55
640.235, 925.83
640.65, 916.47
641.064, 876.68
641.479, 864.97
641.894, 799.44
642.309, 939.87
642.723, 874.34
643.138, 862.63
643.552, 895.4
643.967, 904.76
644.381, 960.94
644.796, 965.62
645.21, 930.51
645.624, 867.31
646.038, 881.36
646.453, 904.76
646.867, 883.7
647.281, 942.21
647.695, 890.72
648.109, 879.02
648.523, 932.85
648.936, 951.57
649.35, 1227.76
649.764, 1520.32
650.178, 1571.82
650.591, 1733.31
651.005, 1901.83
651.418, 1857.36
651.832, 1840.98
652.245, 1581.18
652.659, 1389.25
653.072, 1333.08
653.485, 1180.95
653.898, 1190.31
654.312, 1202.01
654.725, 1073.28
655.138, 1026.47
655.551, 930.51
655.964, 949.23
656.377, 881.36
656.789, 872
657.202, 862.63
657.615, 942.21
658.028, 956.26
658.44, 883.7
658.853, 902.42
659.265, 822.84
659.678, 839.23
660.09, 822.84
660.503, 750.29
660.915, 909.44
661.327, 930.51
661.739, 942.21
662.152, 1099.03
662.564, 1248.82
662.976, 1206.69
663.388, 1279.25
663.8, 1115.41
664.211, 1152.86
664.623, 904.76
665.035, 818.16
665.447, 806.46
665.858, 710.5
666.27, 766.67
666.682, 740.93
667.093, 651.99
667.505, 710.5
667.916, 724.54
668.327, 752.63
668.739, 705.82
669.15, 684.75
669.561, 752.63
669.972, 666.03
670.383, 647.3
670.794, 703.48
671.205, 682.41
671.616, 736.24
672.027, 673.05
672.438, 677.73
672.849, 616.88
673.259, 659.01
673.67, 680.07
674.08, 560.7
674.491, 680.07
674.901, 644.96
675.312, 666.03
675.722, 614.54
676.133, 607.52
676.543, 633.26
676.953, 588.79
677.363, 574.75
677.773, 609.86
678.183, 654.33
678.593, 614.54
679.003, 588.79
679.413, 605.17
679.823, 663.69
680.233, 584.11
680.643, 591.13
681.052, 630.92
681.462, 609.86
681.872, 616.88
682.281, 628.58
682.691, 574.75
683.1, 661.35
683.509, 630.92
683.919, 579.43
684.328, 602.83
684.737, 614.54
685.146, 605.17
685.555, 591.13
685.964, 719.86
686.373, 778.37
686.782, 815.82
687.191, 970.3
687.6, 902.42
688.009, 1033.49
688.417, 1084.98
688.826, 1047.54
689.235, 965.62
689.643, 815.82
690.052, 694.12
690.46, 588.79
690.869, 715.18
691.277, 551.34
691.685, 495.17
692.093, 616.88
692.502, 644.96
692.91, 591.13
693.318, 705.82
693.726, 752.63
694.134, 766.67
694.542, 766.67
694.949, 766.67
695.357, 759.65
695.765, 539.64
696.173, 579.43
696.58, 513.89
696.988, 532.62
697.395, 476.45
697.803, 488.15
698.21, 467.08
698.618, 527.94
699.025, 396.87
699.432, 396.87
699.839, 504.53
700.247, 424.95
700.654, 492.83
701.061, 478.79
701.468, 520.92
701.875, 499.85
702.281, 497.51
702.688, 488.15
703.095, 556.02
703.502, 619.22
703.908, 656.67
704.315, 602.83
704.722, 757.31
705.128, 867.31
705.534, 911.78
705.941, 1094.35
706.347, 1297.97
706.753, 1379.89
707.16, 1606.92
707.566, 1826.93
707.972, 1871.4
708.378, 1845.66
708.784, 1929.92
709.19, 1812.89
709.596, 1670.12
710.002, 1660.76
710.407, 1632.67
710.813, 1548.41
711.219, 1494.58
711.625, 1386.91
712.03, 1326.06
712.436, 1316.7
712.841, 1391.59
713.246, 1344.78
713.652, 1230.1
714.057, 1274.57
714.462, 1054.56
714.868, 829.87
715.273, 605.17
715.678, 539.64
716.083, 560.7
716.488, 460.06
716.893, 450.7
717.297, 516.23
717.702, 446.02
718.107, 448.36
718.512, 382.82
718.916, 392.19
719.321, 434.32
719.725, 380.48
720.13, 368.78
720.534, 373.46
720.939, 368.78
721.343, 408.57
721.747, 441.34
722.151, 446.02
722.556, 387.5
722.96, 422.61
723.364, 464.74
723.768, 396.87
724.172, 441.34
724.576, 408.57
724.979, 364.1
725.383, 328.99
725.787, 366.44
726.19, 406.23
726.594, 469.42
726.998, 424.95
727.401, 359.42
727.805, 364.1
728.208, 431.98
728.611, 354.74
729.014, 375.8
729.418, 422.61
729.821, 415.59
730.224, 368.78
730.627, 368.78
731.03, 481.13
731.433, 387.5
731.836, 399.21
732.239, 408.57
732.641, 380.48
733.044, 380.48
733.447, 399.21
733.849, 394.53
734.252, 408.57
734.654, 366.44
735.057, 375.8
735.459, 361.76
735.862, 382.82
736.264, 436.66
736.666, 378.14
737.068, 401.55
737.47, 413.25
737.872, 368.78
738.274, 464.74
738.676, 394.53
739.078, 410.91
739.48, 373.46
739.882, 343.03
740.284, 389.85
740.685, 424.95
741.087, 368.78
741.488, 434.32
741.89, 333.67
742.291, 446.02
742.693, 469.42
743.094, 427.29
743.495, 347.72
743.897, 399.21
744.298, 399.21
744.699, 387.5
745.1, 366.44
745.501, 434.32
745.902, 389.85
746.303, 394.53
746.704, 389.85
747.105, 439
747.505, 399.21
747.906, 347.72
748.307, 317.29
748.707, 450.7
749.108, 457.72
749.508, 422.61
749.908, 396.87
750.309, 453.04
750.709, 471.76
751.109, 406.23
751.51, 429.63
751.91, 427.29
752.31, 357.08
752.71, 385.16
753.11, 417.93
753.51, 392.19
753.909, 385.16
754.309, 359.42
754.709, 368.78
755.109, 324.31
755.508, 331.33
755.908, 345.38
756.307, 347.72
756.707, 385.16
757.106, 343.03
757.505, 366.44
757.905, 303.25
758.304, 378.14
758.703, 392.19
759.102, 375.8
759.501, 336.01
759.9, 333.67
760.299, 366.44
760.698, 293.88
761.097, 270.48
761.496, 331.33
761.895, 352.4
762.293, 378.14
762.692, 417.93
763.09, 396.87
763.489, 357.08
763.887, 328.99
764.286, 389.85
764.684, 422.61
765.082, 422.61
765.481, 392.19
765.879, 382.82
766.277, 361.76
766.675, 345.38
767.073, 331.33
767.471, 359.42
767.869, 354.74
768.267, 357.08
768.664, 307.93
769.062, 361.76
769.46, 422.61
769.857, 364.1
770.255, 382.82
770.653, 424.95
771.05, 366.44
771.447, 396.87
771.845, 350.06
772.242, 373.46
772.639, 385.16
773.036, 340.69
773.433, 371.12
773.831, 408.57
774.228, 382.82
774.624, 312.61
775.021, 460.06
775.418, 399.21
775.815, 357.08
776.212, 350.06
776.608, 352.4
777.005, 345.38
777.401, 357.08
777.798, 326.65
778.194, 361.76
778.591, 389.85
778.987, 382.82
779.383, 364.1
779.78, 359.42
780.176, 319.63
780.572, 408.57
780.968, 424.95
781.364, 354.74
781.76, 389.85
782.156, 354.74
782.551, 385.16
782.947, 338.35
783.343, 387.5
783.739, 366.44
784.134, 326.65
784.53, 261.12
784.925, 420.27
785.321, 371.12
785.716, 340.69
786.111, 373.46
786.507, 401.55
786.902, 298.56
787.297, 291.54
787.692, 296.22
788.087, 392.19
788.482, 303.25
788.877, 359.42
789.272, 317.29
789.667, 258.78
790.061, 303.25
790.456, 314.95
790.851, 291.54
791.245, 331.33
791.64, 394.53
792.034, 413.25
792.429, 277.5
792.823, 359.42
793.217, 385.16
793.612, 303.25
794.006, 364.1
794.4, 357.08
794.794, 324.31
795.188, 410.91
795.582, 357.08
795.976, 359.42
796.37, 364.1
796.763, 324.31
797.157, 382.82
797.551, 321.97
797.944, 389.85
798.338, 321.97
798.731, 305.59
799.125, 401.55
799.518, 319.63
799.912, 305.59
800.305, 328.99
800.698, 352.4
801.091, 331.33
801.484, 364.1
801.877, 324.31
802.27, 331.33
802.663, 385.16
803.056, 446.02
803.449, 434.32
803.842, 371.12
804.235, 380.48
804.627, 350.06
805.02, 389.85
805.412, 310.27
805.805, 347.72
806.197, 347.72
806.59, 324.31
806.982, 338.35
807.374, 368.78
807.766, 354.74
808.159, 336.01
808.551, 380.48
808.943, 424.95
809.335, 375.8
809.727, 340.69
810.118, 378.14
810.51, 389.85
810.902, 371.12
811.294, 453.04
811.685, 455.38
812.077, 352.4
812.468, 525.6
812.86, 352.4
813.251, 371.12
813.643, 408.57
814.034, 319.63
814.425, 382.82
814.816, 375.8
815.207, 375.8
815.598, 352.4
815.989, 336.01
816.38, 289.2
816.771, 340.69
817.162, 359.42
817.553, 300.91
817.944, 321.97
818.334, 312.61
818.725, 399.21
819.115, 291.54
819.506, 293.88
819.896, 296.22
820.287, 333.67
820.677, 408.57
821.067, 336.01
821.457, 305.59
821.848, 380.48
822.238, 319.63
822.628, 375.8
823.018, 307.93
823.408, 338.35
823.797, 343.03
824.187, 336.01
824.577, 340.69
824.967, 359.42
825.356, 312.61
825.746, 328.99
826.135, 368.78
826.525, 371.12
826.914, 352.4
827.304, 328.99
827.693, 298.56
828.082, 371.12
828.471, 333.67
828.86, 375.8
829.249, 228.35
829.638, 364.1
830.027, 380.48
830.416, 371.12
830.805, 406.23
831.194, 385.16
831.582, 326.65
831.971, 305.59
832.36, 413.25
832.748, 324.31
833.137, 439
833.525, 368.78
833.914, 357.08
834.302, 354.74
834.69, 305.59
835.078, 303.25
835.466, 328.99
835.854, 336.01
836.243, 289.2
836.63, 314.95
837.018, 319.63
837.406, 293.88
837.794, 312.61
838.182, 354.74
838.569, 366.44
838.957, 321.97
839.345, 357.08
839.732, 338.35
840.12, 298.56
840.507, 350.06
840.894, 343.03
841.282, 410.91
841.669, 336.01
842.056, 326.65
842.443, 338.35
842.83, 305.59
843.217, 340.69
843.604, 354.74
843.991, 293.88
844.378, 345.38
844.764, 347.72
845.151, 394.53
845.538, 331.33
845.924, 328.99
846.311, 387.5
846.697, 331.33
847.084, 354.74
847.47, 296.22
847.856, 378.14
848.242, 296.22
848.629, 263.46
849.015, 317.29
849.401, 403.89
849.787, 380.48
850.173, 263.46
850.559, 326.65
850.944, 303.25
851.33, 382.82
851.716, 338.35
852.102, 340.69
852.487, 359.42
852.873, 328.99
853.258, 331.33
853.644, 345.38
854.029, 338.35
854.414, 361.76
854.799, 345.38
855.185, 286.86
855.57, 303.25
855.955, 406.23
856.34, 371.12
856.725, 307.93
857.11, 319.63
857.495, 366.44
857.879, 272.82
858.264, 300.91
858.649, 303.25
859.033, 415.59
859.418, 331.33
859.802, 265.8
860.187, 331.33
860.571, 258.78
860.955, 300.91
861.34, 417.93
861.724, 389.85
862.108, 338.35
862.492, 314.95
862.876, 321.97
863.26, 352.4
863.644, 310.27
864.028, 350.06
864.412, 394.53
864.795, 296.22
865.179, 319.63
865.563, 270.48
865.946, 291.54
866.33, 275.16
866.713, 352.4
867.097, 289.2
867.48, 307.93
867.863, 261.12
868.246, 277.5
868.629, 314.95
869.013, 424.95
869.396, 289.2
869.779, 321.97
870.161, 296.22
870.544, 277.5
870.927, 343.03
871.31, 406.23
871.693, 366.44
872.075, 347.72
872.458, 296.22
872.84, 357.08
873.223, 357.08
873.605, 373.46
873.987, 368.78
874.37, 338.35
874.752, 298.56
875.134, 289.2
875.516, 331.33
875.898, 366.44
876.28, 307.93
876.662, 307.93
877.044, 298.56
877.426, 254.09
877.807, 336.01
878.189, 340.69
878.571, 350.06
878.952, 317.29
879.334, 228.35
879.715, 293.88
880.097, 310.27
880.478, 338.35
880.859, 303.25
881.24, 380.48
881.622, 314.95
882.003, 373.46
882.384, 382.82
882.765, 286.86
883.146, 296.22
883.526, 347.72
883.907, 298.56
884.288, 368.78
884.669, 305.59
885.049, 338.35
885.43, 293.88
885.81, 284.52
886.191, 343.03
886.571, 272.82
886.952, 326.65
887.332, 324.31
887.712, 361.76
888.092, 258.78
888.472, 331.33
888.852, 373.46
889.232, 324.31
889.612, 366.44
889.992, 291.54
890.372, 338.35
890.752, 289.2
891.131, 352.4
891.511, 373.46
891.89, 396.87
892.27, 326.65
892.649, 293.88
893.029, 319.63
893.408, 265.8
893.787, 352.4
894.167, 293.88
894.546, 291.54
894.925, 307.93
895.304, 347.72
895.683, 380.48
896.062, 394.53
896.441, 270.48
896.819, 284.52
897.198, 429.63
897.577, 314.95
897.955, 336.01
898.334, 340.69
898.712, 310.27
899.091, 321.97
899.469, 347.72
899.848, 303.25
900.226, 300.91
900.604, 345.38
900.982, 300.91
901.36, 279.84
901.738, 263.46
902.116, 359.42
902.494, 317.29
902.872, 336.01
903.25, 354.74
903.628, 354.74
904.005, 263.46
904.383, 368.78
904.76, 340.69
905.138, 387.5
905.515, 321.97
905.893, 317.29
906.27, 319.63
906.647, 357.08
907.024, 282.18
907.402, 328.99
907.779, 326.65
908.156, 289.2
908.533, 307.93
908.91, 378.14
909.286, 336.01
909.663, 312.61
910.04, 293.88
910.417, 326.65
910.793, 296.22
911.17, 350.06
911.546, 328.99
911.923, 296.22
912.299, 312.61
912.675, 272.82
913.051, 366.44
913.428, 336.01
913.804, 305.59
914.18, 357.08
914.556, 345.38
914.932, 298.56
915.308, 340.69
915.683, 333.67
916.059, 378.14
916.435, 321.97
916.811, 387.5
917.186, 328.99
917.562, 305.59
917.937, 366.44
918.313, 258.78
918.688, 277.5
919.063, 340.69
919.438, 277.5
919.814, 359.42
920.189, 314.95
920.564, 240.05
920.939, 324.31
921.314, 272.82
921.689, 319.63
922.063, 197.92
922.438, 324.31
922.813, 333.67
923.187, 326.65
923.562, 233.03
923.936, 326.65
924.311, 282.18
924.685, 305.59
925.06, 331.33
925.434, 317.29
925.808, 340.69
926.182, 326.65
926.556, 328.99
926.93, 277.5
927.304, 326.65
927.678, 380.48
928.052, 331.33
928.426, 331.33
928.8, 249.41
929.173, 378.14
929.547, 328.99
929.92, 385.16
930.294, 282.18
930.667, 272.82
931.041, 291.54
931.414, 303.25
931.787, 373.46
932.161, 354.74
932.534, 340.69
932.907, 354.74
933.28, 291.54
933.653, 321.97
934.026, 265.8
934.398, 347.72
934.771, 340.69
935.144, 275.16
935.517, 371.12
935.889, 328.99
936.262, 312.61
936.634, 291.54
937.007, 333.67
937.379, 314.95
937.751, 336.01
938.123, 291.54
938.496, 336.01
938.868, 343.03
939.24, 343.03
939.612, 307.93
939.984, 275.16
940.355, 303.25
940.727, 352.4
941.099, 286.86
941.471, 321.97
941.842, 305.59
942.214, 291.54
942.585, 324.31
942.957, 361.76
943.328, 324.31
943.7, 310.27
944.071, 336.01
944.442, 305.59
944.813, 282.18
945.184, 338.35
945.555, 312.61
945.926, 256.43
946.297, 319.63
946.668, 345.38
947.039, 336.01
947.409, 375.8
947.78, 305.59
948.151, 293.88
948.521, 321.97
948.892, 364.1
949.262, 340.69
949.633, 333.67
950.003, 314.95
950.373, 319.63
950.743, 293.88
951.113, 286.86
951.483, 357.08
951.853, 347.72
952.223, 326.65
952.593, 305.59
952.963, 268.14
953.333, 321.97
953.702, 350.06
954.072, 307.93
954.442, 371.12
954.811, 254.09
955.181, 319.63
955.55, 314.95
955.919, 354.74
956.289, 338.35
956.658, 354.74
957.027, 317.29
957.396, 268.14
957.765, 359.42
958.134, 270.48
958.503, 289.2
958.872, 293.88
959.24, 371.12
959.609, 324.31
959.978, 354.74
960.346, 326.65
960.715, 244.73
961.083, 254.09
961.452, 310.27
961.82, 350.06
962.188, 336.01
962.557, 331.33
962.925, 382.82
963.293, 321.97
963.661, 305.59
964.029, 378.14
964.397, 286.86
964.765, 336.01
965.133, 286.86
965.5, 291.54
965.868, 403.89
966.236, 305.59
966.603, 345.38
966.971, 361.76
967.338, 279.84
967.706, 345.38
968.073, 347.72
968.44, 298.56
968.807, 366.44
969.174, 312.61
969.542, 303.25
969.909, 336.01
970.275, 312.61
970.642, 289.2
971.009, 254.09
971.376, 319.63
971.743, 312.61
972.109, 300.91
972.476, 396.87
972.842, 373.46
973.209, 303.25
973.575, 319.63
973.942, 321.97
974.308, 333.67
974.674, 321.97
975.04, 328.99
975.406, 326.65
975.772, 352.4
976.138, 328.99
976.504, 249.41
976.87, 275.16
977.236, 336.01
977.602, 300.91
977.967, 218.99
978.333, 361.76
978.698, 385.16
979.064, 340.69
979.429, 307.93
979.795, 357.08
980.16, 286.86
980.525, 336.01
980.89, 347.72
981.255, 336.01
981.621, 326.65
981.986, 328.99
982.35, 378.14
982.715, 270.48
983.08, 336.01
983.445, 345.38
983.81, 256.43
984.174, 296.22
984.539, 326.65
984.903, 340.69
985.268, 331.33
985.632, 338.35
985.996, 296.22
986.361, 307.93
986.725, 324.31
987.089, 436.66
987.453, 336.01
987.817, 371.12
988.181, 378.14
988.545, 314.95
988.909, 333.67
989.272, 336.01
989.636, 286.86
990, 277.5
990.363, 300.91
990.727, 343.03
991.09, 293.88
991.454, 328.99
991.817, 413.25
992.18, 270.48
992.543, 352.4
992.907, 268.14
993.27, 378.14
993.633, 350.06
993.996, 284.52
994.359, 347.72
994.721, 375.8
995.084, 277.5
995.447, 399.21
995.81, 286.86
996.172, 350.06
996.535, 326.65
996.897, 333.67
997.259, 272.82
997.622, 249.41
997.984, 286.86
998.346, 303.25
998.708, 361.76
999.071, 312.61
999.433, 352.4
999.795, 291.54
1000.156, 272.82
1000.518, 300.91
1000.88, 319.63
1001.242, 319.63
1001.603, 293.88
1001.965, 340.69
1002.327, 289.2
1002.688, 326.65
1003.049, 378.14
1003.411, 319.63
1003.772, 319.63
1004.133, 256.43
1004.495, 364.1
1004.856, 399.21
1005.217, 307.93
1005.578, 345.38
1005.939, 230.69
1006.299, 279.84
1006.66, 371.12
1007.021, 256.43
1007.382, 293.88
1007.742, 375.8
1008.103, 364.1
1008.463, 310.27
1008.824, 314.95
1009.184, 314.95
1009.544, 307.93
1009.904, 373.46
1010.265, 312.61
1010.625, 328.99
1010.985, 333.67
1011.345, 293.88
1011.705, 312.61
1012.065, 389.85
1012.424, 350.06
1012.784, 319.63
1013.144, 375.8
1013.503, 286.86
1013.863, 296.22
1014.222, 380.48
1014.582, 326.65
1014.941, 256.43
1015.3, 272.82
1015.66, 319.63
1016.019, 272.82
1016.378, 298.56
1016.737, 310.27
1017.096, 336.01
1017.455, 312.61
1017.814, 345.38
1018.173, 284.52
1018.531, 321.97
1018.89, 317.29
1019.249, 343.03
1019.607, 317.29
1019.966, 343.03
1020.324, 286.86
1020.682, 345.38
1021.041, 375.8
1021.399, 275.16
1021.757, 319.63
1022.115, 385.16
1022.473, 270.48
1022.831, 321.97
1023.189, 310.27
1023.547, 331.33
1023.905, 279.84
1024.263, 359.42
1024.62, 296.22
1024.978, 265.8
1025.335, 347.72
1025.693, 293.88
1026.05, 328.99
1026.408, 324.31
1026.765, 352.4
1027.122, 331.33
1027.479, 319.63
1027.837, 279.84
1028.194, 324.31
1028.551, 314.95
1028.908, 272.82
1029.264, 331.33
1029.621, 303.25
1029.978, 277.5
1030.335, 282.18
1030.691, 326.65
1031.048, 277.5
1031.404, 272.82
1031.761, 366.44
1032.117, 336.01
1032.473, 321.97
1032.83, 319.63
1033.186, 298.56
1033.542, 303.25
1033.898, 326.65
1034.254, 328.99
1034.61, 328.99
1034.966, 328.99
