lambda, Intensity
188.96, -28.38
189.424, -28.38
189.887, -28.38
190.351, -77.53
190.815, -89.23
191.279, -77.53
191.742, -70.51
192.206, -63.49
192.669, -96.25
193.133, -70.51
193.596, -72.85
194.06, 41.84
194.523, -9.65
194.987, -30.72
195.45, -23.7
195.913, 65.24
196.376, 23.11
196.84, 16.09
197.303, 119.07
197.766, 102.69
198.229, 147.16
198.692, 98.01
199.155, 128.44
199.618, 203.33
200.081, 296.96
200.543, 245.46
201.006, 257.17
201.469, 367.17
201.932, 325.04
202.394, 348.45
202.857, 303.98
203.32, 350.79
203.782, 275.89
204.245, 381.21
204.707, 327.38
205.169, 374.19
205.632, 313.34
206.094, 332.06
206.556, 371.85
207.019, 381.21
207.481, 292.27
207.943, 318.02
208.405, 406.96
208.867, 353.13
209.329, 367.17
209.791, 388.24
210.253, 371.85
210.715, 402.28
211.177, 278.23
211.639, 336.74
212.1, 355.47
212.562, 376.53
213.024, 376.53
213.485, 343.77
213.947, 423.34
214.408, 325.04
214.87, 364.83
215.331, 383.56
215.793, 315.68
216.254, 280.57
216.715, 413.98
217.177, 362.49
217.638, 348.45
218.099, 320.36
218.56, 399.94
219.021, 355.47
219.482, 362.49
219.944, 294.61
220.404, 294.61
220.865, 306.32
221.326, 334.4
221.787, 339.09
222.248, 369.51
222.709, 299.3
223.169, 278.23
223.63, 413.98
224.091, 332.06
224.551, 327.38
225.012, 357.81
225.472, 362.49
225.933, 303.98
226.393, 350.79
226.854, 268.87
227.314, 303.98
227.774, 296.96
228.234, 313.34
228.695, 444.41
229.155, 362.49
229.615, 336.74
230.075, 259.51
230.535, 392.92
230.995, 322.7
231.455, 399.94
231.915, 311
232.375, 390.58
232.834, 339.09
233.294, 336.74
233.754, 367.17
234.214, 327.38
234.673, 376.53
235.133, 360.15
235.592, 418.66
236.052, 318.02
236.511, 357.81
236.971, 350.79
237.43, 425.68
237.889, 381.21
238.349, 296.96
238.808, 341.43
239.267, 322.7
239.726, 383.56
240.185, 343.77
240.644, 329.72
241.103, 327.38
241.562, 388.24
242.021, 353.13
242.48, 287.59
242.939, 308.66
243.398, 409.3
243.857, 308.66
244.315, 362.49
244.774, 325.04
245.233, 357.81
245.691, 329.72
246.15, 399.94
246.608, 376.53
247.067, 362.49
247.525, 336.74
247.983, 308.66
248.442, 315.68
248.9, 388.24
249.358, 315.68
249.816, 423.34
250.274, 390.58
250.733, 320.36
251.191, 388.24
251.649, 343.77
252.107, 430.37
252.564, 376.53
253.022, 346.11
253.48, 341.43
253.938, 385.9
254.396, 329.72
254.853, 378.87
255.311, 353.13
255.769, 355.47
256.226, 388.24
256.684, 322.7
257.141, 346.11
257.599, 311
258.056, 315.68
258.513, 266.53
258.971, 318.02
259.428, 385.9
259.885, 355.47
260.342, 334.4
260.799, 364.83
261.256, 357.81
261.714, 360.15
262.171, 371.85
262.627, 376.53
263.084, 404.62
263.541, 308.66
263.998, 322.7
264.455, 371.85
264.912, 332.06
265.368, 383.56
265.825, 381.21
266.281, 397.6
266.738, 296.96
267.194, 322.7
267.651, 432.71
268.107, 353.13
268.564, 336.74
269.02, 362.49
269.476, 364.83
269.933, 346.11
270.389, 339.09
270.845, 325.04
271.301, 278.23
271.757, 353.13
272.213, 348.45
272.669, 332.06
273.125, 367.17
273.581, 339.09
274.037, 311
274.492, 383.56
274.948, 318.02
275.404, 327.38
275.86, 369.51
276.315, 406.96
276.771, 376.53
277.226, 362.49
277.682, 301.64
278.137, 322.7
278.593, 364.83
279.048, 346.11
279.503, 385.9
279.958, 406.96
280.414, 421
280.869, 395.26
281.324, 329.72
281.779, 430.37
282.234, 364.83
282.689, 353.13
283.144, 421
283.599, 360.15
284.054, 413.98
284.508, 437.39
284.963, 334.4
285.418, 353.13
285.873, 327.38
286.327, 355.47
286.782, 428.03
287.236, 353.13
287.691, 367.17
288.145, 329.72
288.6, 367.17
289.054, 296.96
289.508, 376.53
289.963, 336.74
290.417, 416.32
290.871, 378.87
291.325, 395.26
291.779, 388.24
292.233, 371.85
292.687, 280.57
293.141, 294.61
293.595, 402.28
294.049, 364.83
294.503, 301.64
294.957, 418.66
295.41, 355.47
295.864, 348.45
296.318, 404.62
296.771, 416.32
297.225, 357.81
297.678, 362.49
298.132, 346.11
298.585, 336.74
299.039, 289.93
299.492, 332.06
299.945, 362.49
300.398, 390.58
300.852, 395.26
301.305, 399.94
301.758, 313.34
302.211, 343.77
302.664, 409.3
303.117, 360.15
303.57, 395.26
304.023, 294.61
304.476, 423.34
304.928, 442.07
305.381, 322.7
305.834, 341.43
306.286, 364.83
306.739, 374.19
307.192, 332.06
307.644, 327.38
308.097, 411.64
308.549, 306.32
309.001, 348.45
309.454, 439.73
309.906, 329.72
310.358, 395.26
310.81, 367.17
311.263, 406.96
311.715, 390.58
312.167, 346.11
312.619, 322.7
313.071, 341.43
313.523, 411.64
313.975, 371.85
314.426, 357.81
314.878, 425.68
315.33, 444.41
315.782, 339.09
316.233, 428.03
316.685, 346.11
317.136, 360.15
317.588, 369.51
318.039, 463.13
318.491, 343.77
318.942, 381.21
319.393, 406.96
319.845, 430.37
320.296, 406.96
320.747, 399.94
321.198, 404.62
321.649, 402.28
322.101, 325.04
322.552, 360.15
323.003, 371.85
323.453, 378.87
323.904, 409.3
324.355, 451.43
324.806, 449.09
325.257, 353.13
325.707, 453.77
326.158, 428.03
326.609, 411.64
327.059, 385.9
327.51, 399.94
327.96, 374.19
328.411, 409.3
328.861, 437.39
329.311, 388.24
329.762, 423.34
330.212, 362.49
330.662, 456.11
331.112, 390.58
331.562, 411.64
332.012, 369.51
332.462, 357.81
332.912, 423.34
333.362, 334.4
333.812, 446.75
334.262, 421
334.712, 327.38
335.161, 322.7
335.611, 339.09
336.061, 404.62
336.51, 423.34
336.96, 432.71
337.409, 378.87
337.859, 435.05
338.308, 402.28
338.758, 378.87
339.207, 336.74
339.656, 374.19
340.105, 360.15
340.555, 428.03
341.004, 421
341.453, 385.9
341.902, 437.39
342.351, 336.74
342.8, 381.21
343.249, 409.3
343.698, 364.83
344.146, 353.13
344.595, 367.17
345.044, 362.49
345.493, 381.21
345.941, 418.66
346.39, 367.17
346.838, 350.79
347.287, 348.45
347.735, 432.71
348.184, 362.49
348.632, 435.05
349.08, 486.54
349.529, 360.15
349.977, 406.96
350.425, 404.62
350.873, 388.24
351.321, 395.26
351.769, 416.32
352.217, 332.06
352.665, 449.09
353.113, 332.06
353.561, 388.24
354.009, 322.7
354.456, 411.64
354.904, 357.81
355.352, 378.87
355.799, 392.92
356.247, 318.02
356.694, 353.13
357.142, 449.09
357.589, 388.24
358.037, 381.21
358.484, 301.64
358.931, 371.85
359.379, 390.58
359.826, 406.96
360.273, 428.03
360.72, 397.6
361.167, 357.81
361.614, 470.16
362.061, 416.32
362.508, 409.3
362.955, 360.15
363.402, 378.87
363.848, 411.64
364.295, 411.64
364.742, 413.98
365.188, 425.68
365.635, 369.51
366.082, 399.94
366.528, 362.49
366.975, 388.24
367.421, 374.19
367.867, 416.32
368.314, 371.85
368.76, 371.85
369.206, 388.24
369.652, 442.07
370.098, 378.87
370.545, 399.94
370.991, 432.71
371.437, 392.92
371.882, 406.96
372.328, 430.37
372.774, 395.26
373.22, 332.06
373.666, 413.98
374.111, 327.38
374.557, 470.16
375.003, 458.45
375.448, 364.83
375.894, 449.09
376.339, 381.21
376.785, 332.06
377.23, 404.62
377.675, 381.21
378.121, 512.28
378.566, 357.81
379.011, 406.96
379.456, 327.38
379.901, 390.58
380.346, 409.3
380.791, 444.41
381.236, 477.18
381.681, 399.94
382.126, 390.58
382.571, 390.58
383.016, 406.96
383.461, 371.85
383.905, 381.21
384.35, 320.36
384.794, 409.3
385.239, 369.51
385.683, 390.58
386.128, 423.34
386.572, 411.64
387.017, 399.94
387.461, 388.24
387.905, 409.3
388.349, 397.6
388.794, 381.21
389.238, 423.34
389.682, 383.56
390.126, 437.39
390.57, 430.37
391.014, 339.09
391.457, 416.32
391.901, 465.47
392.345, 432.71
392.789, 418.66
393.233, 463.13
393.676, 416.32
394.12, 451.43
394.563, 425.68
395.007, 428.03
395.45, 458.45
395.894, 486.54
396.337, 449.09
396.78, 388.24
397.224, 413.98
397.667, 385.9
398.11, 531.01
398.553, 465.47
398.996, 392.92
399.439, 411.64
399.882, 472.5
400.325, 390.58
400.768, 493.56
401.211, 465.47
401.654, 423.34
402.096, 491.22
402.539, 502.92
402.982, 446.75
403.424, 479.52
403.867, 477.18
404.309, 491.22
404.752, 484.2
405.194, 502.92
405.637, 580.16
406.079, 498.24
406.521, 495.9
406.963, 474.84
407.406, 577.82
407.848, 587.18
408.29, 561.44
408.732, 596.54
409.174, 629.31
409.616, 699.53
410.058, 666.76
410.499, 610.59
410.941, 662.08
411.383, 739.32
411.825, 736.98
412.266, 687.82
412.708, 748.68
413.15, 807.19
413.591, 882.09
414.033, 849.32
414.474, 907.84
414.915, 882.09
415.357, 935.92
415.798, 945.28
416.239, 1003.8
416.68, 1116.14
417.121, 1104.44
417.563, 1069.33
418.004, 1106.78
418.445, 1202.74
418.885, 1235.51
419.326, 1322.11
419.767, 1357.22
420.208, 1399.35
420.649, 1296.36
421.089, 1448.5
421.53, 1478.93
421.971, 1514.03
422.411, 1586.59
422.852, 1591.27
423.292, 1649.79
423.733, 1715.32
424.173, 1682.55
424.613, 1801.92
425.054, 1958.74
425.494, 1942.35
425.934, 1961.08
426.374, 2122.57
426.814, 2204.49
427.254, 2326.2
427.694, 2307.48
428.134, 2349.61
428.574, 2497.06
429.014, 2532.17
429.454, 2696
429.893, 2817.71
430.333, 2782.6
430.773, 2894.95
431.212, 3061.13
431.652, 3049.43
432.091, 3292.84
432.531, 3430.93
432.97, 3538.6
433.41, 3625.2
433.849, 3728.18
434.288, 3653.28
434.727, 4170.54
435.167, 4041.81
435.606, 4348.42
436.045, 4633.97
436.484, 4694.82
436.923, 4975.69
437.362, 5109.1
437.801, 5429.75
438.239, 5614.65
438.678, 5874.45
439.117, 6061.69
439.556, 6433.84
439.994, 6574.27
440.433, 6841.09
440.871, 7231.96
441.31, 7283.45
441.748, 7611.13
442.187, 8051.15
442.625, 8296.91
443.063, 8481.81
443.502, 8849.27
443.94, 9425.04
444.378, 9654.42
444.816, 10007.84
445.254, 10571.91
445.692, 10485.31
446.13, 11044.7
446.568, 11351.31
447.006, 11536.21
447.444, 11636.85
447.881, 12523.91
448.319, 12945.21
448.757, 12788.39
449.194, 13125.43
449.632, 13240.12
450.07, 13525.66
450.507, 13829.93
450.944, 14358.89
451.382, 14054.62
451.819, 14183.35
452.256, 14265.27
452.694, 14468.9
453.131, 14845.73
453.568, 14333.15
454.005, 14630.4
454.442, 14312.08
454.879, 14136.54
455.316, 14124.84
455.753, 13661.41
456.19, 13633.33
456.627, 13675.46
457.063, 13268.2
457.5, 13207.35
457.937, 12722.86
458.373, 12474.76
458.81, 11957.5
459.246, 12030.06
459.683, 11770.26
460.119, 11625.15
460.556, 11674.3
460.992, 11234.28
461.428, 11138.32
461.864, 11276.41
462.301, 10918.31
462.737, 10862.13
463.173, 10768.51
463.609, 10632.76
464.045, 10536.8
464.481, 10293.38
464.917, 10218.49
465.352, 10120.18
465.788, 9865.07
466.224, 10181.04
466.66, 10003.16
467.095, 10007.84
467.531, 9654.42
467.966, 9411
468.402, 9867.41
468.837, 9741.02
469.273, 9663.78
469.708, 9539.73
470.143, 9544.41
470.578, 9621.65
471.014, 9338.44
471.449, 9221.42
471.884, 9443.77
472.319, 9521.01
472.754, 9448.45
473.189, 9343.13
473.624, 9411
474.059, 9027.15
474.493, 9181.63
474.928, 9268.23
475.363, 9509.3
475.797, 9619.31
476.232, 9436.75
476.667, 9429.73
477.101, 9616.97
477.536, 9738.68
477.97, 9675.48
478.404, 9626.33
478.839, 9787.83
479.273, 9806.55
479.707, 10312.11
480.141, 10560.2
480.575, 10372.96
481.009, 10653.83
481.444, 10639.78
481.877, 11178.11
482.311, 11203.85
482.745, 11536.21
483.179, 11512.8
483.613, 11697.7
484.047, 12023.04
484.48, 12196.24
484.914, 12432.63
485.347, 12402.21
485.781, 12905.42
486.214, 13162.88
486.648, 13268.2
487.081, 13413.32
487.515, 13989.09
487.948, 14440.81
488.381, 14391.66
488.814, 14749.76
489.247, 14953.39
489.68, 15409.79
490.113, 15700.02
490.546, 16046.42
490.979, 16308.56
491.412, 16650.28
491.845, 16638.58
492.278, 17415.63
492.711, 17780.76
493.143, 17822.89
493.576, 18616.33
494.009, 18803.57
494.441, 19210.82
494.874, 19276.36
495.306, 19573.61
495.738, 20610.46
496.171, 20203.21
496.603, 21174.53
497.035, 21127.72
497.467, 21675.41
497.9, 22103.73
498.332, 22237.14
498.764, 22686.52
499.196, 23149.95
499.628, 23723.38
500.06, 23908.28
500.491, 24177.44
500.923, 24612.78
501.355, 25087.91
501.787, 25200.26
502.218, 25635.6
502.65, 26232.43
503.081, 26375.2
503.513, 27011.83
503.944, 27039.92
504.376, 27393.34
504.807, 27905.91
505.238, 28179.76
505.67, 28596.37
506.101, 28727.44
506.532, 29225.98
506.963, 29469.39
507.394, 29820.47
507.825, 30033.46
508.256, 30159.85
508.687, 30578.81
509.118, 31557.15
509.549, 31287.99
509.979, 31192.03
510.41, 32416.13
510.841, 32051
511.271, 32015.9
511.702, 32942.75
512.132, 33041.05
512.563, 33984.29
512.993, 33530.22
513.424, 33860.24
513.854, 34169.19
514.284, 34031.1
514.714, 34852.62
515.145, 35173.28
515.575, 35133.49
516.005, 35512.66
516.435, 35292.65
516.865, 35222.43
517.295, 36102.47
517.724, 36275.67
518.154, 36058
518.584, 36879.53
519.014, 36474.62
519.443, 36512.06
519.873, 37071.45
520.303, 37495.09
520.732, 37621.48
521.161, 38026.39
521.591, 38246.4
522.02, 38049.8
522.45, 38148.1
522.879, 38300.23
523.308, 38368.11
523.737, 38693.44
524.166, 38960.26
524.595, 38602.16
525.024, 39341.77
525.453, 39283.26
525.882, 39294.96
526.311, 39283.26
526.74, 39344.11
527.169, 39624.98
527.597, 39809.88
528.026, 39849.67
528.455, 40053.3
528.883, 39770.09
529.312, 40462.89
529.74, 40336.5
530.168, 40631.41
530.597, 40842.06
531.025, 41106.54
531.453, 40820.99
531.882, 40973.13
532.31, 41153.35
532.738, 41104.2
533.166, 41672.95
533.594, 41754.86
534.022, 41712.73
534.45, 42173.82
534.878, 42194.89
535.305, 42031.05
535.733, 42567.03
536.161, 42073.18
536.588, 42534.26
537.016, 42969.6
537.444, 43407.28
537.871, 42749.59
538.299, 43072.59
538.726, 43000.03
539.153, 44153.91
539.581, 43407.28
540.008, 43917.52
540.435, 44064.97
540.862, 43690.49
541.289, 44315.41
541.716, 44240.51
542.143, 43891.77
542.57, 44912.25
542.997, 44612.66
543.424, 45504.4
543.851, 45340.57
544.277, 45513.76
544.704, 45392.06
545.131, 45719.73
545.557, 45738.46
545.984, 45932.72
546.41, 46234.65
546.837, 46239.33
547.263, 46506.15
547.69, 46290.82
548.116, 46875.96
548.542, 47095.97
548.968, 47819.19
549.394, 47713.87
549.82, 47559.39
550.246, 47557.05
550.672, 48205.38
551.098, 48287.3
551.524, 48121.12
551.95, 48666.47
552.376, 48853.71
552.802, 49115.85
553.227, 48830.3
553.653, 49574.59
554.078, 48846.69
554.504, 49778.22
554.929, 49885.89
555.355, 50089.51
555.78, 50428.89
556.206, 50171.43
556.631, 50576.34
557.056, 51028.07
557.481, 50634.86
557.906, 51449.36
558.331, 51161.48
558.756, 51510.22
559.181, 51547.67
559.606, 51383.83
560.031, 52277.91
560.456, 51690.44
560.881, 52289.62
561.305, 52406.64
561.73, 52736.66
562.155, 52603.25
562.579, 52980.07
563.004, 53050.29
563.428, 53328.81
563.853, 53778.2
564.277, 53600.32
564.701, 53600.32
565.126, 53822.67
565.55, 54215.88
565.974, 54501.42
566.398, 54463.97
566.822, 54712.07
567.246, 55519.56
567.67, 55739.57
568.094, 56041.49
568.518, 56200.65
568.941, 56263.85
569.365, 56879.41
569.789, 57106.44
570.213, 57111.12
570.636, 57635.4
571.06, 57686.89
571.483, 58016.91
571.907, 58028.61
572.33, 58625.45
572.753, 58419.48
573.177, 58744.81
573.6, 58637.15
574.023, 59023.34
574.446, 58679.28
574.869, 59109.94
575.292, 59030.36
575.715, 58990.57
576.138, 59023.34
576.561, 59030.36
576.984, 58613.74
577.407, 58873.54
577.829, 58726.09
578.252, 58845.46
578.675, 58475.65
579.097, 58449.91
579.52, 58887.59
579.942, 59011.63
580.364, 58751.83
580.787, 58716.73
581.209, 59013.97
581.631, 58534.17
582.054, 58686.3
582.476, 58840.78
582.898, 59109.94
583.32, 58943.76
583.742, 59023.34
584.164, 58906.31
584.586, 59142.7
585.008, 58936.74
585.429, 59250.37
585.851, 58967.16
586.273, 59077.17
586.694, 59304.2
587.116, 59308.88
587.538, 59418.89
587.959, 59739.54
588.38, 59524.21
588.802, 59795.71
589.223, 60111.69
589.644, 59863.59
590.066, 60135.09
590.487, 60266.16
590.908, 60556.39
591.329, 60654.69
591.75, 60891.08
592.171, 60713.2
592.592, 61265.57
593.013, 61406
593.434, 61445.79
593.854, 61721.97
594.275, 61979.43
594.696, 62185.4
595.116, 62110.5
595.537, 62346.9
595.957, 62293.07
596.378, 62744.79
596.798, 62548.18
597.218, 62800.96
597.639, 62712.02
598.059, 62840.75
598.479, 62793.94
598.899, 62536.48
599.319, 62920.33
599.739, 62679.25
600.159, 62964.8
600.579, 62932.03
600.999, 62555.21
601.419, 62321.15
601.839, 62372.64
602.259, 62253.28
602.678, 61984.11
603.098, 61745.38
603.517, 61581.54
603.937, 61457.49
604.356, 61171.95
604.776, 61118.12
605.195, 60994.07
605.614, 60664.05
606.034, 60750.65
606.453, 60312.97
606.872, 60188.92
607.291, 60074.24
607.71, 59961.89
608.129, 59624.85
608.548, 59365.06
608.967, 59343.99
609.386, 59119.3
609.805, 58431.18
610.223, 58449.91
610.642, 58360.97
611.061, 58417.14
611.479, 57949.03
611.898, 57853.07
612.316, 57104.1
612.735, 57246.87
613.153, 57256.23
613.571, 56507.26
613.99, 56387.89
614.408, 56528.33
614.826, 55959.58
615.244, 55973.62
615.662, 55739.57
616.08, 54985.91
616.498, 54845.48
616.916, 55049.11
617.334, 54180.77
617.752, 54012.25
618.169, 54510.78
618.587, 53864.8
619.005, 53230.51
619.422, 53232.85
619.84, 53209.45
620.257, 53092.42
620.675, 52446.43
621.092, 52341.11
621.509, 52191.31
621.927, 52057.9
622.344, 51629.58
622.761, 51610.86
623.178, 50988.28
623.595, 49939.72
624.012, 49796.95
624.429, 49387.35
624.846, 49537.15
625.263, 48509.65
625.68, 48935.63
626.097, 49190.75
626.513, 48247.51
626.93, 47077.24
627.346, 47578.12
627.763, 47168.52
628.179, 46716.8
628.596, 47053.84
629.012, 46506.15
629.429, 46073.15
629.845, 45270.35
630.261, 45048
630.677, 45146.3
631.093, 44760.11
631.509, 44362.22
631.925, 43997.1
632.341, 43180.25
632.757, 43074.93
633.173, 42637.25
633.589, 42574.05
634.005, 42134.03
634.42, 41595.71
634.836, 40938.02
635.252, 40795.24
635.667, 40205.43
636.083, 40022.87
636.498, 40011.17
636.913, 39922.23
637.329, 38861.96
637.744, 38810.47
638.159, 38471.09
638.574, 37885.96
638.99, 38365.77
639.405, 37314.87
639.82, 37284.44
640.235, 36689.95
640.65, 36472.28
641.064, 35887.14
641.479, 35433.08
641.894, 35538.4
642.309, 35231.79
642.723, 35194.34
643.138, 34321.32
643.552, 33888.32
643.967, 34056.84
644.381, 33511.5
644.796, 32879.55
645.21, 33275.1
645.624, 32371.66
646.038, 32104.84
646.453, 31667.16
646.867, 31229.48
647.281, 31058.62
647.695, 30840.95
648.109, 30379.86
648.523, 30323.69
648.936, 29572.38
649.35, 29747.92
649.764, 29335.98
650.178, 28902.98
650.591, 28453.6
651.005, 28416.15
651.418, 28034.64
651.832, 27655.48
652.245, 27603.99
652.659, 26709.9
653.072, 26766.07
653.485, 26494.57
653.898, 26328.39
654.312, 25689.43
654.725, 25518.57
655.138, 25527.93
655.551, 24877.26
655.964, 24963.86
656.377, 24278.08
656.789, 24203.19
657.202, 23585.29
657.615, 23564.22
658.028, 23433.15
658.44, 22740.35
658.853, 22393.95
659.265, 22197.35
659.678, 21975
660.09, 21581.79
660.503, 21628.6
660.915, 21137.09
661.327, 20860.9
661.739, 20746.22
662.152, 20226.62
662.564, 20409.18
662.976, 20088.53
663.388, 19945.75
663.8, 19578.29
664.211, 19388.71
664.623, 18684.2
665.035, 18955.71
665.447, 18958.05
665.858, 18251.2
666.27, 18276.95
666.682, 17907.15
667.093, 17476.49
667.505, 17223.71
667.916, 17080.94
668.327, 16837.52
668.739, 16615.17
669.15, 16193.87
669.561, 15847.47
669.972, 15681.3
670.383, 15629.8
670.794, 15575.97
671.205, 15126.59
671.616, 14958.07
672.027, 14522.73
672.438, 14740.4
672.849, 14209.1
673.259, 14026.54
673.67, 13946.96
674.08, 13921.21
674.491, 13364.17
674.901, 13057.56
675.312, 13069.26
675.722, 12940.53
676.133, 12617.54
676.543, 12563.7
676.953, 12214.96
677.363, 12205.6
677.773, 11828.77
678.183, 11831.12
678.593, 11437.91
679.003, 11320.88
679.413, 11353.65
679.823, 11126.61
680.233, 10880.86
680.643, 10557.86
681.052, 10522.76
681.462, 10473.6
681.872, 10321.47
682.281, 10190.4
682.691, 9911.88
683.1, 9523.35
683.509, 9588.88
683.919, 9525.69
684.328, 9403.98
684.737, 9102.05
685.146, 8879.7
685.555, 8963.96
685.964, 8650.33
686.373, 8664.37
686.782, 8594.15
687.191, 8243.07
687.6, 8261.8
688.009, 8175.2
688.417, 7849.86
688.826, 7777.31
689.235, 7756.24
689.643, 7784.33
690.052, 7601.77
690.46, 7367.71
690.869, 7290.48
691.277, 7161.75
691.685, 6960.46
692.093, 6798.96
692.502, 7004.93
692.91, 6728.75
693.318, 6546.19
693.726, 6529.8
694.134, 6445.54
694.542, 6464.27
694.949, 5998.5
695.357, 6127.23
695.765, 6019.57
696.173, 5794.87
696.58, 5930.62
696.988, 5764.45
697.395, 5705.93
697.803, 5755.08
698.21, 5638.06
698.618, 5528.05
699.025, 5319.75
699.432, 5382.94
699.839, 5165.27
700.247, 5350.17
700.654, 5251.87
701.061, 4971.01
701.468, 4931.22
701.875, 4912.49
702.281, 4825.89
702.688, 4814.19
703.095, 4612.9
703.502, 4692.48
703.908, 4547.37
704.315, 4498.22
704.722, 4315.66
705.128, 4439.7
705.534, 4189.27
705.941, 4261.82
706.347, 4119.05
706.753, 4285.23
707.16, 4062.88
707.566, 3964.57
707.972, 3894.36
708.378, 4023.09
708.784, 3873.29
709.19, 3737.54
709.596, 3767.97
710.002, 3840.53
710.407, 3639.24
710.813, 3522.21
711.219, 3444.98
711.625, 3622.86
712.03, 3421.57
712.436, 3522.21
712.841, 3239.01
713.246, 3171.13
713.652, 3086.87
714.057, 3201.56
714.462, 3234.33
714.868, 3255.39
715.273, 3171.13
715.678, 3030.7
716.083, 3105.6
716.488, 2976.87
716.893, 2876.23
717.297, 2829.42
717.702, 2852.82
718.107, 2890.27
718.512, 2721.75
718.916, 2733.45
719.321, 2677.28
719.725, 2586
720.13, 2618.77
720.534, 2539.19
720.939, 2679.62
721.343, 2525.15
721.747, 2410.46
722.151, 2403.44
722.556, 2536.85
722.96, 2307.48
723.364, 2422.16
723.768, 2307.48
724.172, 2295.77
724.576, 2160.02
724.979, 2223.22
725.383, 2211.51
725.787, 2087.47
726.19, 2153
726.594, 2164.7
726.998, 2171.72
727.401, 2096.83
727.805, 2061.72
728.208, 2052.36
728.611, 2012.57
729.014, 1986.82
729.418, 1925.97
729.821, 2110.87
730.224, 1904.9
730.627, 1930.65
731.03, 1872.14
731.433, 1921.29
731.836, 1867.45
732.239, 1783.2
732.641, 1815.96
733.044, 1696.6
733.447, 1698.94
733.849, 1689.57
734.252, 1764.47
734.654, 1668.51
735.057, 1722.34
735.459, 1717.66
735.862, 1642.76
736.264, 1605.31
736.666, 1521.06
737.068, 1588.93
737.47, 1502.33
737.872, 1539.78
738.274, 1535.1
738.676, 1516.37
739.078, 1434.46
739.48, 1441.48
739.882, 1385.3
740.284, 1462.54
740.685, 1443.82
741.087, 1441.48
741.488, 1364.24
741.89, 1406.37
742.291, 1268.28
742.693, 1413.39
743.094, 1275.3
743.495, 1265.94
743.897, 1291.68
744.298, 1221.47
744.699, 1256.58
745.1, 1198.06
745.501, 1184.02
745.902, 1167.63
746.303, 1137.21
746.704, 1174.66
747.105, 1153.59
747.505, 1066.99
747.906, 1116.14
748.307, 1099.76
748.707, 1052.95
749.108, 1137.21
749.508, 1177
749.908, 1137.21
750.309, 1085.72
750.709, 1127.85
751.109, 1076.35
751.51, 1097.42
751.91, 1071.67
752.31, 956.99
752.71, 1090.4
753.11, 1022.52
753.51, 1052.95
753.909, 1052.95
754.309, 968.69
754.709, 973.37
755.109, 992.09
755.508, 968.69
755.908, 982.73
756.307, 898.47
756.707, 854
757.106, 891.45
757.505, 926.56
757.905, 938.26
758.304, 849.32
758.703, 875.07
759.102, 917.2
759.501, 839.96
759.9, 870.39
760.299, 914.86
760.698, 697.19
761.097, 783.79
761.496, 844.64
761.895, 769.74
762.293, 807.19
762.692, 772.08
763.09, 788.47
763.489, 767.4
763.887, 739.32
764.286, 762.72
764.684, 800.17
765.082, 687.82
765.481, 732.3
765.879, 765.06
766.277, 706.55
766.675, 753.36
767.073, 748.68
767.471, 701.87
767.869, 708.89
768.267, 659.74
768.664, 683.14
769.062, 685.48
769.46, 662.08
769.857, 704.21
770.255, 692.51
770.653, 704.21
771.05, 664.42
771.447, 619.95
771.845, 669.1
772.242, 615.27
772.639, 645.7
773.036, 545.05
773.433, 683.14
773.831, 626.97
774.228, 676.12
774.624, 615.27
775.021, 622.29
775.418, 554.41
775.815, 648.04
776.212, 598.88
776.608, 577.82
777.005, 552.07
777.401, 650.38
777.798, 505.26
778.194, 521.65
778.591, 512.28
778.987, 549.73
779.383, 552.07
779.78, 615.27
780.176, 549.73
780.572, 516.97
780.968, 516.97
781.364, 512.28
781.76, 507.6
782.156, 554.41
782.551, 519.31
782.947, 547.39
783.343, 535.69
783.739, 552.07
784.134, 519.31
784.53, 580.16
784.925, 514.63
785.321, 552.07
785.716, 549.73
786.111, 505.26
786.507, 498.24
786.902, 451.43
787.297, 465.47
787.692, 507.6
788.087, 507.6
788.482, 491.22
788.877, 500.58
789.272, 568.46
789.667, 505.26
790.061, 463.13
790.456, 528.67
790.851, 519.31
791.245, 418.66
791.64, 395.26
792.034, 435.05
792.429, 486.54
792.823, 481.86
793.217, 512.28
793.612, 453.77
794.006, 430.37
794.4, 442.07
794.794, 528.67
795.188, 493.56
795.582, 477.18
795.976, 479.52
796.37, 416.32
796.763, 388.24
797.157, 474.84
797.551, 432.71
797.944, 533.35
798.338, 477.18
798.731, 444.41
799.125, 428.03
799.518, 458.45
799.912, 465.47
800.305, 413.98
800.698, 416.32
801.091, 488.88
801.484, 423.34
801.877, 353.13
802.27, 430.37
802.663, 486.54
803.056, 458.45
803.449, 425.68
803.842, 442.07
804.235, 446.75
804.627, 395.26
805.02, 474.84
805.412, 383.56
805.805, 383.56
806.197, 488.88
806.59, 449.09
806.982, 423.34
807.374, 404.62
807.766, 423.34
808.159, 406.96
808.551, 428.03
808.943, 392.92
809.335, 430.37
809.727, 383.56
810.118, 463.13
810.51, 446.75
810.902, 343.77
811.294, 409.3
811.685, 432.71
812.077, 439.73
812.468, 418.66
812.86, 385.9
813.251, 479.52
813.643, 402.28
814.034, 442.07
814.425, 390.58
814.816, 392.92
815.207, 406.96
815.598, 409.3
815.989, 332.06
816.38, 399.94
816.771, 395.26
817.162, 439.73
817.553, 446.75
817.944, 411.64
818.334, 460.79
818.725, 523.99
819.115, 404.62
819.506, 376.53
819.896, 437.39
820.287, 439.73
820.677, 385.9
821.067, 350.79
821.457, 416.32
821.848, 381.21
822.238, 423.34
822.628, 397.6
823.018, 458.45
823.408, 406.96
823.797, 451.43
824.187, 406.96
824.577, 374.19
824.967, 409.3
825.356, 411.64
825.746, 308.66
826.135, 416.32
826.525, 437.39
826.914, 362.49
827.304, 432.71
827.693, 418.66
828.082, 360.15
828.471, 311
828.86, 399.94
829.249, 332.06
829.638, 381.21
830.027, 364.83
830.416, 430.37
830.805, 357.81
831.194, 369.51
831.582, 395.26
831.971, 404.62
832.36, 413.98
832.748, 383.56
833.137, 411.64
833.525, 346.11
833.914, 364.83
834.302, 341.43
834.69, 399.94
835.078, 451.43
835.466, 357.81
835.854, 385.9
836.243, 378.87
836.63, 409.3
837.018, 397.6
837.406, 378.87
837.794, 416.32
838.182, 392.92
838.569, 348.45
838.957, 402.28
839.345, 477.18
839.732, 364.83
840.12, 362.49
840.507, 463.13
840.894, 404.62
841.282, 381.21
841.669, 437.39
842.056, 390.58
842.443, 378.87
842.83, 449.09
843.217, 385.9
843.604, 418.66
843.991, 348.45
844.378, 346.11
844.764, 376.53
845.151, 392.92
845.538, 357.81
845.924, 341.43
846.311, 296.96
846.697, 392.92
847.084, 395.26
847.47, 364.83
847.856, 425.68
848.242, 381.21
848.629, 460.79
849.015, 346.11
849.401, 306.32
849.787, 435.05
850.173, 343.77
850.559, 364.83
850.944, 409.3
851.33, 404.62
851.716, 318.02
852.102, 399.94
852.487, 362.49
852.873, 371.85
853.258, 374.19
853.644, 306.32
854.029, 315.68
854.414, 320.36
854.799, 376.53
855.185, 353.13
855.57, 404.62
855.955, 348.45
856.34, 355.47
856.725, 411.64
857.11, 381.21
857.495, 402.28
857.879, 388.24
858.264, 311
858.649, 367.17
859.033, 385.9
859.418, 334.4
859.802, 411.64
860.187, 378.87
860.571, 360.15
860.955, 364.83
861.34, 404.62
861.724, 376.53
862.108, 435.05
862.492, 435.05
862.876, 334.4
863.26, 280.57
863.644, 397.6
864.028, 350.79
864.412, 406.96
864.795, 301.64
865.179, 381.21
865.563, 318.02
865.946, 350.79
866.33, 383.56
866.713, 383.56
867.097, 428.03
867.48, 385.9
867.863, 364.83
868.246, 325.04
868.629, 376.53
869.013, 315.68
869.396, 360.15
869.779, 329.72
870.161, 413.98
870.544, 430.37
870.927, 339.09
871.31, 383.56
871.693, 421
872.075, 388.24
872.458, 343.77
872.84, 374.19
873.223, 385.9
873.605, 390.58
873.987, 336.74
874.37, 367.17
874.752, 348.45
875.134, 360.15
875.516, 371.85
875.898, 325.04
876.28, 341.43
876.662, 388.24
877.044, 303.98
877.426, 348.45
877.807, 381.21
878.189, 369.51
878.571, 402.28
878.952, 318.02
879.334, 350.79
879.715, 399.94
880.097, 332.06
880.478, 404.62
880.859, 376.53
881.24, 350.79
881.622, 413.98
882.003, 294.61
882.384, 416.32
882.765, 378.87
883.146, 327.38
883.526, 289.93
883.907, 355.47
884.288, 355.47
884.669, 453.77
885.049, 306.32
885.43, 418.66
885.81, 395.26
886.191, 390.58
886.571, 322.7
886.952, 334.4
887.332, 367.17
887.712, 378.87
888.092, 367.17
888.472, 364.83
888.852, 339.09
889.232, 336.74
889.612, 397.6
889.992, 294.61
890.372, 367.17
890.752, 350.79
891.131, 376.53
891.511, 355.47
891.89, 364.83
892.27, 346.11
892.649, 332.06
893.029, 421
893.408, 339.09
893.787, 357.81
894.167, 329.72
894.546, 350.79
894.925, 306.32
895.304, 327.38
895.683, 383.56
896.062, 350.79
896.441, 271.21
896.819, 390.58
897.198, 404.62
897.577, 409.3
897.955, 374.19
898.334, 339.09
898.712, 381.21
899.091, 369.51
899.469, 404.62
899.848, 306.32
900.226, 336.74
900.604, 390.58
900.982, 355.47
901.36, 369.51
901.738, 353.13
902.116, 432.71
902.494, 343.77
902.872, 320.36
903.25, 336.74
903.628, 353.13
904.005, 336.74
904.383, 390.58
904.76, 360.15
905.138, 395.26
905.515, 367.17
905.893, 404.62
906.27, 348.45
906.647, 425.68
907.024, 350.79
907.402, 355.47
907.779, 397.6
908.156, 369.51
908.533, 346.11
908.91, 392.92
909.286, 376.53
909.663, 327.38
910.04, 406.96
910.417, 371.85
910.793, 325.04
911.17, 327.38
911.546, 381.21
911.923, 332.06
912.299, 334.4
912.675, 432.71
913.051, 334.4
913.428, 381.21
913.804, 364.83
914.18, 404.62
914.556, 313.34
914.932, 329.72
915.308, 348.45
915.683, 381.21
916.059, 332.06
916.435, 378.87
916.811, 416.32
917.186, 364.83
917.562, 282.91
917.937, 360.15
918.313, 346.11
918.688, 355.47
919.063, 357.81
919.438, 374.19
919.814, 285.25
920.189, 381.21
920.564, 432.71
920.939, 364.83
921.314, 278.23
921.689, 275.89
922.063, 315.68
922.438, 355.47
922.813, 353.13
923.187, 315.68
923.562, 332.06
923.936, 418.66
924.311, 339.09
924.685, 311
925.06, 353.13
925.434, 374.19
925.808, 376.53
926.182, 303.98
926.556, 266.53
926.93, 409.3
927.304, 339.09
927.678, 350.79
928.052, 346.11
928.426, 346.11
928.8, 371.85
929.173, 308.66
929.547, 285.25
929.92, 367.17
930.294, 339.09
930.667, 301.64
931.041, 334.4
931.414, 303.98
931.787, 374.19
932.161, 294.61
932.534, 346.11
932.907, 348.45
933.28, 322.7
933.653, 390.58
934.026, 322.7
934.398, 268.87
934.771, 421
935.144, 402.28
935.517, 357.81
935.889, 322.7
936.262, 320.36
936.634, 390.58
937.007, 381.21
937.379, 257.17
937.751, 355.47
938.123, 355.47
938.496, 287.59
938.868, 395.26
939.24, 299.3
939.612, 348.45
939.984, 343.77
940.355, 362.49
940.727, 336.74
941.099, 259.51
941.471, 369.51
941.842, 339.09
942.214, 282.91
942.585, 418.66
942.957, 404.62
943.328, 327.38
943.7, 383.56
944.071, 383.56
944.442, 399.94
944.813, 355.47
945.184, 334.4
945.555, 357.81
945.926, 367.17
946.297, 385.9
946.668, 325.04
947.039, 334.4
947.409, 332.06
947.78, 355.47
948.151, 336.74
948.521, 385.9
948.892, 371.85
949.262, 369.51
949.633, 390.58
950.003, 381.21
950.373, 383.56
950.743, 399.94
951.113, 341.43
951.483, 315.68
951.853, 339.09
952.223, 315.68
952.593, 367.17
952.963, 285.25
953.333, 423.34
953.702, 336.74
954.072, 334.4
954.442, 346.11
954.811, 355.47
955.181, 308.66
955.55, 404.62
955.919, 273.55
956.289, 311
956.658, 311
957.027, 385.9
957.396, 355.47
957.765, 327.38
958.134, 341.43
958.503, 346.11
958.872, 303.98
959.24, 325.04
959.609, 320.36
959.978, 346.11
960.346, 334.4
960.715, 364.83
961.083, 329.72
961.452, 336.74
961.82, 371.85
962.188, 325.04
962.557, 381.21
962.925, 360.15
963.293, 339.09
963.661, 334.4
964.029, 362.49
964.397, 325.04
964.765, 322.7
965.133, 266.53
965.5, 381.21
965.868, 287.59
966.236, 311
966.603, 303.98
966.971, 383.56
967.338, 334.4
967.706, 353.13
968.073, 421
968.44, 350.79
968.807, 343.77
969.174, 353.13
969.542, 329.72
969.909, 413.98
970.275, 327.38
970.642, 367.17
971.009, 325.04
971.376, 299.3
971.743, 275.89
972.109, 315.68
972.476, 346.11
972.842, 240.78
973.209, 353.13
973.575, 360.15
973.942, 353.13
974.308, 348.45
974.674, 334.4
975.04, 292.27
975.406, 355.47
975.772, 353.13
976.138, 332.06
976.504, 362.49
976.87, 303.98
977.236, 301.64
977.602, 292.27
977.967, 364.83
978.333, 339.09
978.698, 332.06
979.064, 355.47
979.429, 303.98
979.795, 367.17
980.16, 313.34
980.525, 294.61
980.89, 306.32
981.255, 322.7
981.621, 355.47
981.986, 294.61
982.35, 299.3
982.715, 315.68
983.08, 271.21
983.445, 306.32
983.81, 303.98
984.174, 320.36
984.539, 329.72
984.903, 371.85
985.268, 367.17
985.632, 402.28
985.996, 280.57
986.361, 322.7
986.725, 264.19
987.089, 369.51
987.453, 320.36
987.817, 376.53
988.181, 411.64
988.545, 360.15
988.909, 308.66
989.272, 350.79
989.636, 383.56
990, 315.68
990.363, 355.47
990.727, 320.36
991.09, 374.19
991.454, 339.09
991.817, 353.13
992.18, 381.21
992.543, 299.3
992.907, 343.77
993.27, 322.7
993.633, 362.49
993.996, 357.81
994.359, 357.81
994.721, 325.04
995.084, 327.38
995.447, 348.45
995.81, 332.06
996.172, 402.28
996.535, 348.45
996.897, 390.58
997.259, 299.3
997.622, 374.19
997.984, 339.09
998.346, 346.11
998.708, 325.04
999.071, 357.81
999.433, 334.4
999.795, 346.11
1000.156, 376.53
1000.518, 353.13
1000.88, 388.24
1001.242, 334.4
1001.603, 367.17
1001.965, 280.57
1002.327, 367.17
1002.688, 350.79
1003.049, 306.32
1003.411, 322.7
1003.772, 334.4
1004.133, 341.43
1004.495, 360.15
1004.856, 325.04
1005.217, 378.87
1005.578, 381.21
1005.939, 299.3
1006.299, 332.06
1006.66, 301.64
1007.021, 350.79
1007.382, 254.83
1007.742, 339.09
1008.103, 360.15
1008.463, 285.25
1008.824, 327.38
1009.184, 402.28
1009.544, 327.38
1009.904, 364.83
1010.265, 327.38
1010.625, 320.36
1010.985, 357.81
1011.345, 348.45
1011.705, 306.32
1012.065, 362.49
1012.424, 322.7
1012.784, 266.53
1013.144, 303.98
1013.503, 390.58
1013.863, 339.09
1014.222, 313.34
1014.582, 383.56
1014.941, 299.3
1015.3, 376.53
1015.66, 285.25
1016.019, 350.79
1016.378, 320.36
1016.737, 325.04
1017.096, 271.21
1017.455, 308.66
1017.814, 285.25
1018.173, 369.51
1018.531, 315.68
1018.89, 353.13
1019.249, 325.04
1019.607, 308.66
1019.966, 280.57
1020.324, 311
1020.682, 399.94
1021.041, 325.04
1021.399, 371.85
1021.757, 320.36
1022.115, 322.7
1022.473, 357.81
1022.831, 343.77
1023.189, 311
1023.547, 346.11
1023.905, 355.47
1024.263, 303.98
1024.62, 278.23
1024.978, 421
1025.335, 306.32
1025.693, 399.94
1026.05, 299.3
1026.408, 376.53
1026.765, 353.13
1027.122, 362.49
1027.479, 320.36
1027.837, 367.17
1028.194, 411.64
1028.551, 339.09
1028.908, 385.9
1029.264, 289.93
1029.621, 364.83
1029.978, 465.47
1030.335, 346.11
1030.691, 308.66
1031.048, 339.09
1031.404, 381.21
1031.761, 301.64
1032.117, 320.36
1032.473, 329.72
1032.83, 341.43
1033.186, 343.77
1033.542, 341.43
1033.898, 360.15
1034.254, 402.28
1034.61, 402.28
1034.966, 402.28
