FLMS05507_1:101, 
188.96, -73.58
189.424, -73.58
189.887, -73.58
190.351, -108.69
190.815, -71.24
191.279, -19.75
191.742, -108.69
192.206, -132.09
192.669, -61.88
193.133, -57.2
193.596, 10.68
194.06, -33.79
194.523, -3.36
194.987, 27.06
195.45, -50.18
195.913, 64.51
196.376, 8.34
196.84, 62.17
197.303, 108.98
197.766, 66.85
198.229, 118.34
198.692, 132.39
199.155, 151.11
199.618, 226.01
200.081, 368.78
200.543, 319.63
201.006, 293.88
201.469, 392.19
201.932, 350.06
202.394, 420.27
202.857, 326.65
203.32, 448.36
203.782, 389.85
204.245, 378.14
204.707, 460.06
205.169, 417.93
205.632, 474.1
206.094, 450.7
206.556, 396.87
207.019, 527.94
207.481, 469.42
207.943, 492.83
208.405, 509.21
208.867, 485.81
209.329, 453.04
209.791, 532.62
210.253, 460.06
210.715, 481.13
211.177, 478.79
211.639, 467.08
212.1, 460.06
212.562, 485.81
213.024, 499.85
213.485, 420.27
213.947, 506.87
214.408, 485.81
214.87, 371.12
215.331, 453.04
215.793, 446.02
216.254, 424.95
216.715, 464.74
217.177, 352.4
217.638, 471.76
218.099, 399.21
218.56, 471.76
219.021, 436.66
219.482, 427.29
219.944, 429.63
220.404, 399.21
220.865, 434.32
221.326, 389.85
221.787, 399.21
222.248, 422.61
222.709, 427.29
223.169, 401.55
223.63, 436.66
224.091, 455.38
224.551, 373.46
225.012, 441.34
225.472, 375.8
225.933, 478.79
226.393, 446.02
226.854, 389.85
227.314, 406.23
227.774, 434.32
228.234, 340.69
228.695, 446.02
229.155, 389.85
229.615, 434.32
230.075, 382.82
230.535, 462.4
230.995, 399.21
231.455, 413.25
231.915, 471.76
232.375, 469.42
232.834, 415.59
233.294, 488.15
233.754, 439
234.214, 424.95
234.673, 443.68
235.133, 429.63
235.592, 448.36
236.052, 455.38
236.511, 420.27
236.971, 410.91
237.43, 450.7
237.889, 464.74
238.349, 455.38
238.808, 446.02
239.267, 361.76
239.726, 527.94
240.185, 469.42
240.644, 408.57
241.103, 389.85
241.562, 427.29
242.021, 350.06
242.48, 401.55
242.939, 403.89
243.398, 488.15
243.857, 474.1
244.315, 368.78
244.774, 460.06
245.233, 406.23
245.691, 354.74
246.15, 474.1
246.608, 415.59
247.067, 434.32
247.525, 457.72
247.983, 413.25
248.442, 441.34
248.9, 401.55
249.358, 415.59
249.816, 417.93
250.274, 345.38
250.733, 490.49
251.191, 492.83
251.649, 382.82
252.107, 389.85
252.564, 403.89
253.022, 439
253.48, 413.25
253.938, 422.61
254.396, 469.42
254.853, 434.32
255.311, 436.66
255.769, 457.72
256.226, 457.72
256.684, 490.49
257.141, 439
257.599, 497.51
258.056, 488.15
258.513, 478.79
258.971, 378.14
259.428, 385.16
259.885, 410.91
260.342, 443.68
260.799, 406.23
261.256, 453.04
261.714, 424.95
262.171, 464.74
262.627, 476.45
263.084, 443.68
263.541, 410.91
263.998, 490.49
264.455, 427.29
264.912, 328.99
265.368, 439
265.825, 427.29
266.281, 420.27
266.738, 352.4
267.194, 481.13
267.651, 389.85
268.107, 375.8
268.564, 389.85
269.02, 375.8
269.476, 378.14
269.933, 492.83
270.389, 481.13
270.845, 469.42
271.301, 410.91
271.757, 481.13
272.213, 352.4
272.669, 467.08
273.125, 481.13
273.581, 403.89
274.037, 401.55
274.492, 343.03
274.948, 455.38
275.404, 401.55
275.86, 406.23
276.315, 455.38
276.771, 478.79
277.226, 399.21
277.682, 478.79
278.137, 448.36
278.593, 483.47
279.048, 448.36
279.503, 450.7
279.958, 518.57
280.414, 469.42
280.869, 553.68
281.324, 497.51
281.779, 537.3
282.234, 495.17
282.689, 415.59
283.144, 396.87
283.599, 513.89
284.054, 481.13
284.508, 455.38
284.963, 495.17
285.418, 434.32
285.873, 417.93
286.327, 471.76
286.782, 474.1
287.236, 380.48
287.691, 429.63
288.145, 417.93
288.6, 509.21
289.054, 549
289.508, 474.1
289.963, 511.55
290.417, 436.66
290.871, 471.76
291.325, 469.42
291.779, 450.7
292.233, 483.47
292.687, 413.25
293.141, 481.13
293.595, 424.95
294.049, 378.14
294.503, 464.74
294.957, 462.4
295.41, 443.68
295.864, 453.04
296.318, 523.26
296.771, 492.83
297.225, 481.13
297.678, 476.45
298.132, 415.59
298.585, 474.1
299.039, 534.96
299.492, 509.21
299.945, 511.55
300.398, 481.13
300.852, 446.02
301.305, 495.17
301.758, 392.19
302.211, 558.36
302.664, 537.3
303.117, 572.41
303.57, 605.17
304.023, 694.12
304.476, 717.52
304.928, 733.9
305.381, 733.9
305.834, 764.33
306.286, 916.47
306.739, 960.94
307.192, 1014.77
307.644, 1164.56
308.097, 1223.08
308.549, 1213.71
309.001, 1335.42
309.454, 1333.08
309.906, 1379.89
310.358, 1658.42
310.81, 1794.17
311.263, 1939.28
311.715, 2068.01
312.167, 2194.4
312.619, 2423.77
313.071, 2365.26
313.523, 2512.71
313.975, 2781.87
314.426, 2845.07
314.878, 2926.99
315.33, 2987.84
315.782, 3046.35
316.233, 2929.33
316.685, 3095.5
317.136, 3451.27
317.588, 3734.47
318.039, 3870.22
318.491, 4134.7
318.942, 4293.86
319.393, 4331.31
319.845, 4453.02
320.296, 4708.13
320.747, 5014.74
321.198, 5038.15
321.649, 5136.45
322.101, 4958.57
322.552, 4996.02
323.003, 4953.89
323.453, 4993.68
323.904, 5361.14
324.355, 5665.41
324.806, 6372.25
325.257, 6856.75
325.707, 7282.72
326.158, 7519.12
326.609, 7872.54
327.059, 7963.82
327.51, 8055.1
327.96, 8019.99
328.411, 7905.31
328.861, 8062.12
329.311, 7963.82
329.762, 8382.77
330.212, 8445.97
330.662, 8298.52
331.112, 8265.75
331.562, 7987.22
332.012, 7877.22
332.462, 7966.16
332.912, 7816.37
333.362, 7776.58
333.812, 7736.79
334.262, 7849.13
334.712, 7832.75
335.161, 7945.09
335.611, 8038.72
336.061, 7797.64
336.51, 7469.97
336.96, 7275.7
337.409, 7416.13
337.859, 7444.22
338.308, 7917.01
338.758, 8034.04
339.207, 8335.96
339.656, 8560.66
340.105, 8457.67
340.555, 8993.65
341.004, 8799.39
341.453, 8794.71
341.902, 8897.69
342.351, 8907.05
342.8, 9059.19
343.249, 8974.93
343.698, 8649.6
344.146, 8387.46
344.595, 8204.89
345.044, 8160.42
345.493, 8506.82
345.941, 8623.85
346.39, 8670.66
346.838, 8836.84
347.287, 8778.33
347.735, 8740.88
348.184, 8658.96
348.632, 8916.42
349.08, 8839.18
349.529, 8974.93
349.977, 9307.29
350.425, 9901.78
350.873, 9866.67
351.321, 10067.96
351.769, 9883.06
352.217, 9576.45
352.665, 9826.89
353.113, 9864.33
353.561, 10344.14
354.009, 10852.04
354.456, 11072.05
354.904, 11217.16
355.352, 11170.35
355.799, 11086.09
356.247, 10802.89
356.694, 10243.5
357.142, 9595.17
357.589, 9080.25
358.037, 8523.21
358.484, 8609.81
358.931, 8846.2
359.379, 9634.96
359.826, 10430.74
360.273, 10990.13
360.72, 10926.94
361.167, 10440.11
361.614, 10639.05
362.061, 10723.31
362.508, 11053.33
362.955, 11631.44
363.402, 11547.18
363.848, 11682.93
364.295, 12258.7
364.742, 12476.37
365.188, 12773.62
365.635, 13677.07
366.082, 14217.73
366.528, 14646.05
366.975, 14423.7
367.421, 14374.55
367.867, 14259.86
368.314, 14306.67
368.76, 14430.72
369.206, 14606.26
369.652, 15100.11
370.098, 15123.52
370.545, 15357.57
370.991, 15076.71
371.437, 15015.85
371.882, 14999.47
372.328, 14435.4
372.774, 13962.61
373.22, 13316.62
373.666, 12687.02
374.111, 12567.65
374.557, 12392.11
375.003, 12890.65
375.448, 13377.48
375.894, 13775.37
376.339, 14337.1
376.785, 15158.63
377.23, 16024.62
377.675, 16834.45
378.121, 17496.82
378.566, 17379.79
379.011, 16452.94
379.456, 16033.99
379.901, 15675.88
380.346, 15973.13
380.791, 16111.22
381.236, 15802.27
381.681, 15074.37
382.126, 13630.26
382.571, 12300.83
383.016, 11591.65
383.461, 11118.86
383.905, 11528.45
384.35, 12317.22
384.794, 13356.41
385.239, 13911.12
385.683, 14376.89
386.128, 14004.74
386.572, 14573.49
387.017, 14386.25
387.461, 14615.62
387.905, 14620.3
388.349, 14676.48
388.794, 15065
389.238, 15945.05
389.682, 16939.77
390.126, 17442.99
390.57, 18304.31
391.014, 18807.52
391.457, 19289.67
391.901, 18390.91
392.345, 16930.41
392.789, 14355.82
393.233, 12836.81
393.676, 11860.81
394.12, 13124.7
394.563, 15095.43
395.007, 16672.95
395.45, 17435.97
395.894, 17302.56
396.337, 15664.18
396.78, 14103.04
397.224, 14245.82
397.667, 16349.96
398.11, 18756.03
398.553, 21424.24
398.996, 23086.02
399.439, 24132.24
399.882, 25524.86
400.325, 25936.79
400.768, 27102.38
401.211, 27254.51
401.654, 27872.42
402.096, 27776.45
402.539, 27949.65
402.982, 28237.54
403.424, 27860.71
403.867, 28291.37
404.309, 27919.23
404.752, 27603.25
405.194, 27720.28
405.637, 27638.36
406.079, 27240.47
406.521, 26863.64
406.963, 26699.81
407.406, 27132.81
407.848, 27884.12
408.29, 28101.79
408.732, 29190.14
409.174, 29206.52
409.616, 28090.09
410.058, 27392.61
410.499, 28181.37
410.941, 28696.28
411.383, 29847.83
411.825, 30065.5
412.266, 30858.94
412.708, 30028.05
413.15, 30308.91
413.591, 30407.22
414.033, 30645.95
414.474, 30622.55
414.915, 30205.93
415.357, 30739.57
415.798, 30872.98
416.239, 30865.96
416.68, 30844.9
417.121, 30163.8
417.563, 29728.46
418.004, 30081.88
418.445, 29702.71
418.885, 29796.34
419.326, 29356.32
419.767, 29625.48
420.208, 30004.64
420.649, 30334.66
421.089, 31238.11
421.53, 31289.6
421.971, 30449.35
422.411, 29108.22
422.852, 29466.32
423.292, 29852.51
423.733, 29279.08
424.173, 30070.18
424.613, 29592.71
425.054, 29672.29
425.494, 29660.59
425.934, 29527.17
426.374, 29693.35
426.814, 29351.63
427.254, 28993.53
427.694, 28431.8
428.134, 28846.08
428.574, 28532.45
429.014, 27298.98
429.454, 26397.88
429.893, 24848.44
430.333, 23189
430.773, 23954.36
431.212, 24581.62
431.652, 26477.46
432.091, 28169.66
432.531, 28715.01
432.97, 29543.56
433.41, 29875.91
433.849, 29180.78
434.288, 29201.84
434.727, 30842.56
435.167, 30367.43
435.606, 31525.99
436.045, 32595.62
436.484, 32902.23
436.923, 32265.6
437.362, 32328.8
437.801, 32003.46
438.239, 31411.31
438.678, 30636.59
439.117, 31399.6
439.556, 31774.09
439.994, 31863.03
440.433, 32499.65
440.871, 33215.86
441.31, 33906.32
441.748, 34425.92
442.187, 35135.1
442.625, 35041.48
443.063, 35226.38
443.502, 34758.27
443.94, 36249.19
444.378, 35989.39
444.816, 36017.48
445.254, 35708.53
445.692, 34571.03
446.13, 35291.91
446.568, 35448.73
447.006, 35977.69
447.444, 36178.98
447.881, 37028.59
448.319, 37374.99
448.757, 37213.49
449.194, 37426.48
449.632, 38060.77
450.07, 38505.47
450.507, 39951.92
450.944, 39692.12
451.382, 39715.53
451.819, 39015.71
452.256, 38638.88
452.694, 38187.16
453.131, 38339.29
453.568, 38042.04
454.005, 37953.1
454.442, 37934.38
454.879, 38250.35
455.316, 38505.47
455.753, 38748.89
456.19, 39331.68
456.627, 40090.01
457.063, 40085.33
457.5, 39799.79
457.937, 38980.6
458.373, 39011.03
458.81, 38402.49
459.246, 39078.9
459.683, 38631.86
460.119, 39327
460.556, 39851.28
460.992, 40291.3
461.428, 41066.02
461.864, 41726.05
462.301, 41190.06
462.737, 42084.15
463.173, 41747.11
463.609, 41824.35
464.045, 42042.02
464.481, 40862.39
464.917, 41159.64
465.352, 40991.12
465.788, 41389.01
466.224, 42266.71
466.66, 41410.07
467.095, 42198.83
467.531, 41417.1
467.966, 41840.73
468.402, 43231.01
468.837, 43514.22
469.273, 43308.25
469.708, 42580.34
470.143, 42915.04
470.578, 43848.91
471.014, 42622.47
471.449, 44284.25
471.884, 45559.84
472.319, 46194.13
472.754, 46479.67
473.189, 45637.08
473.624, 47380.78
474.059, 47343.33
474.493, 48827.23
474.928, 48885.75
475.363, 48984.05
475.797, 49812.6
476.232, 49611.31
476.667, 50264.32
477.101, 50819.03
477.536, 52609.54
477.97, 52162.5
478.404, 52553.36
478.839, 53098.71
479.273, 53119.77
479.707, 54781.55
480.141, 55209.87
480.575, 55535.21
481.009, 56047.78
481.444, 55729.47
481.877, 56799.1
482.311, 56976.98
482.745, 57517.64
483.179, 57704.88
483.613, 57850
484.047, 57770.42
484.48, 57718.93
484.914, 57171.24
485.347, 55682.66
485.781, 54589.63
486.214, 53828.96
486.648, 53793.85
487.081, 54713.68
487.515, 55846.5
487.948, 56951.23
488.381, 57180.6
488.814, 57606.58
489.247, 58442.15
489.68, 59036.65
490.113, 59603.06
490.546, 59792.64
490.979, 59663.91
491.412, 59481.35
491.845, 58851.75
492.278, 59565.61
492.711, 59563.27
493.143, 59708.38
493.576, 60305.22
494.009, 60085.21
494.441, 61012.06
494.874, 61016.74
495.306, 61365.48
495.738, 61288.24
496.171, 61098.66
496.603, 61739.97
497.035, 61555.07
497.467, 61608.9
497.9, 61236.75
498.332, 60913.76
498.764, 61182.92
499.196, 61342.08
499.628, 61014.4
500.06, 60447.99
500.491, 60745.24
500.923, 60211.6
501.355, 60263.09
501.787, 60038.4
502.218, 60209.26
502.65, 60796.73
503.081, 60726.52
503.513, 60560.34
503.944, 60115.64
504.376, 60698.43
504.807, 60845.88
505.238, 61292.93
505.67, 61679.11
506.101, 61700.18
506.532, 61676.77
506.963, 61508.25
507.394, 61725.92
507.825, 61218.03
508.256, 61311.65
508.687, 61674.43
509.118, 61875.72
509.549, 61948.28
509.979, 61576.13
510.41, 61856.99
510.841, 61903.81
511.271, 62051.26
511.702, 62652.78
512.132, 62308.72
512.563, 61920.19
512.993, 61751.67
513.424, 61665.07
513.854, 61325.69
514.284, 61405.27
514.714, 61150.15
515.145, 61463.78
515.575, 61454.42
516.005, 61035.47
516.435, 59998.61
516.865, 59048.35
517.295, 58797.91
517.724, 58788.55
518.154, 58699.61
518.584, 59090.48
519.014, 59256.66
519.443, 59851.16
519.873, 60408.2
520.303, 60906.74
520.732, 61131.43
521.161, 61372.5
521.591, 61660.39
522.02, 61335.05
522.45, 61318.67
522.879, 61037.81
523.308, 61461.44
523.737, 61503.57
524.166, 61775.08
524.595, 62062.96
525.024, 61917.85
525.453, 61824.23
525.882, 61545.7
526.311, 60445.65
526.74, 59518.8
527.169, 59502.42
527.597, 60110.95
528.026, 60513.53
528.455, 61044.83
528.883, 61297.61
529.312, 61693.16
529.74, 61431.02
530.168, 61847.63
530.597, 62055.94
531.025, 62322.76
531.453, 61908.49
531.882, 61917.85
532.31, 61274.2
532.738, 60871.63
533.166, 60953.55
533.594, 60785.03
534.022, 60991
534.45, 61187.6
534.878, 61131.43
535.305, 61562.09
535.733, 61833.59
536.161, 61524.64
536.588, 61445.06
537.016, 61019.08
537.444, 61215.69
537.871, 61065.89
538.299, 61159.51
538.726, 60848.22
539.153, 60869.29
539.581, 60209.26
540.008, 60185.85
540.435, 59647.53
540.862, 59467.31
541.289, 59558.59
541.716, 59977.54
542.143, 59956.48
542.57, 59940.1
542.997, 59909.67
543.424, 60527.57
543.851, 60146.06
544.277, 60483.1
544.704, 60342.67
545.131, 60136.7
545.557, 60389.48
545.984, 60328.62
546.41, 60136.7
546.837, 60014.99
547.263, 60047.76
547.69, 59724.77
548.116, 59708.38
548.542, 59912.01
548.968, 60075.85
549.394, 60007.97
549.82, 60103.93
550.246, 59811.37
550.672, 59912.01
551.098, 59984.57
551.524, 60054.78
551.95, 59867.54
552.376, 60012.65
552.802, 59949.46
553.227, 59443.9
553.653, 59441.56
554.078, 59694.34
554.504, 59949.46
554.929, 60071.17
555.355, 59982.23
555.78, 59621.78
556.206, 59453.26
556.631, 59312.83
557.056, 58797.91
557.481, 58893.88
557.906, 58821.32
558.331, 58343.85
558.756, 57646.37
559.181, 57997.45
559.606, 57550.41
560.031, 57948.3
560.456, 57854.68
560.881, 58086.39
561.305, 57938.94
561.73, 57786.8
562.155, 57873.4
562.579, 57854.68
563.004, 57871.06
563.428, 57971.71
563.853, 57534.02
564.277, 57793.82
564.701, 57358.48
565.126, 57459.13
565.55, 57075.28
565.974, 56883.36
566.398, 56794.42
566.822, 56890.38
567.246, 57295.29
567.67, 57229.76
568.094, 57143.16
568.518, 56822.5
568.941, 56525.25
569.365, 56600.15
569.789, 56529.94
570.213, 56417.59
570.636, 56176.51
571.06, 55991.61
571.483, 56459.72
571.907, 56363.76
572.33, 57075.28
572.753, 56799.1
573.177, 57086.98
573.6, 57157.2
574.023, 57061.24
574.446, 56466.74
574.869, 55949.48
575.292, 56108.64
575.715, 55848.84
576.138, 55701.39
576.561, 55493.08
576.984, 54907.94
577.407, 54931.35
577.829, 54280.68
578.252, 53646.4
578.675, 53686.18
579.097, 53187.65
579.52, 53934.28
579.942, 53894.49
580.364, 53484.9
580.787, 53765.76
581.209, 53405.32
581.631, 53510.64
582.054, 53028.49
582.476, 53604.27
582.898, 53487.24
583.32, 53255.53
583.742, 53491.92
584.164, 53611.29
584.586, 53407.66
585.008, 52796.78
585.429, 52136.75
585.851, 51633.53
586.273, 51743.54
586.694, 51048.4
587.116, 51415.86
587.538, 51553.96
587.959, 50943.08
588.38, 48885.75
588.802, 47902.72
589.223, 46208.17
589.644, 45290.68
590.066, 45522.4
590.487, 46245.62
590.908, 47570.36
591.329, 48024.43
591.75, 47930.81
592.171, 48082.94
592.592, 48487.85
593.013, 48902.13
593.434, 49452.16
593.854, 49887.49
594.275, 49672.17
594.696, 49122.14
595.116, 49328.11
595.537, 49524.71
595.957, 50285.39
596.378, 50851.8
596.798, 50603.7
597.218, 50720.73
597.639, 50800.3
598.059, 51457.99
598.479, 51160.75
598.899, 50718.38
599.319, 51610.13
599.739, 51055.42
600.159, 51181.81
600.579, 51376.08
600.999, 50203.47
601.419, 50290.07
601.839, 50151.98
602.259, 49662.8
602.678, 50112.19
603.098, 50226.87
603.517, 50224.53
603.937, 50009.2
604.356, 49704.93
604.776, 49498.97
605.195, 49419.39
605.614, 48909.15
606.034, 48689.14
606.453, 48345.08
606.872, 48307.63
607.291, 47476.74
607.71, 47741.22
608.129, 46905.65
608.548, 46030.29
608.967, 46451.59
609.386, 45742.41
609.805, 44595.54
610.223, 44679.8
610.642, 44209.36
611.061, 44490.22
611.479, 44551.07
611.898, 44314.68
612.316, 43378.46
612.735, 42891.63
613.153, 42695.03
613.571, 42313.52
613.99, 41969.46
614.408, 41946.06
614.826, 41300.07
615.244, 41248.58
615.662, 41194.75
616.08, 40141.5
616.498, 39956.6
616.916, 40265.55
617.334, 39570.41
617.752, 39891.07
618.169, 40450.45
618.587, 40225.76
619.005, 39916.81
619.422, 40207.04
619.84, 39420.62
620.257, 39837.23
620.675, 39851.28
621.092, 39434.66
621.509, 38891.66
621.927, 38877.61
622.344, 38519.51
622.761, 38006.94
623.178, 38271.42
623.595, 37545.85
624.012, 37201.79
624.429, 36993.48
624.846, 36682.19
625.263, 35909.82
625.68, 36291.32
626.097, 36359.2
626.513, 36122.8
626.93, 35860.66
627.346, 35699.17
627.763, 35195.95
628.179, 34510.18
628.596, 34437.62
629.012, 34681.03
629.429, 34189.52
629.845, 33932.06
630.261, 33627.79
630.677, 33969.51
631.093, 34035.05
631.509, 33620.77
631.925, 33918.02
632.341, 33611.41
632.757, 33960.15
633.173, 33800.99
633.589, 33637.16
634.005, 33274.37
634.42, 33679.28
634.836, 34119.31
635.252, 33880.57
635.667, 33737.8
636.083, 33529.49
636.498, 33290.76
636.913, 33435.87
637.329, 33339.91
637.744, 33779.93
638.159, 33117.56
638.574, 33419.49
638.99, 33473.32
639.405, 32972.44
639.82, 32906.91
640.235, 32555.83
640.65, 32155.6
641.064, 32289.01
641.479, 31851.33
641.894, 31823.24
642.309, 31942.61
642.723, 31930.9
643.138, 31645.36
643.552, 31666.42
643.967, 31408.97
644.381, 31266.19
644.796, 31032.14
645.21, 31057.88
645.624, 30692.76
646.038, 30208.27
646.453, 29857.19
646.867, 29431.21
647.281, 28932.68
647.695, 28759.48
648.109, 28181.37
648.523, 28450.53
648.936, 27741.35
649.35, 27706.24
649.764, 27629
650.178, 28164.98
650.591, 28153.28
651.005, 27860.71
651.418, 28033.91
651.832, 27710.92
652.245, 27584.53
652.659, 27898.16
653.072, 27778.79
653.485, 28047.96
653.898, 27886.46
654.312, 27533.04
654.725, 27437.08
655.138, 26723.21
655.551, 26037.44
655.964, 24600.35
656.377, 23804.56
656.789, 23514.34
657.202, 24143.94
657.615, 24995.9
658.028, 25218.25
658.44, 25859.56
658.853, 26107.65
659.265, 26234.04
659.678, 26421.28
660.09, 26538.31
660.503, 26657.68
660.915, 26369.79
661.327, 26241.06
661.739, 26418.94
662.152, 26397.88
662.564, 26999.4
662.976, 26449.37
663.388, 26229.36
663.8, 25925.09
664.211, 25901.68
664.623, 25686.36
665.035, 25459.32
665.447, 25676.99
665.858, 25370.38
666.27, 25588.05
666.682, 25232.29
667.093, 25150.37
667.505, 24590.98
667.916, 24605.03
668.327, 24658.86
668.739, 24588.64
669.15, 24775.89
669.561, 24370.97
669.972, 24349.91
670.383, 23734.35
670.794, 24097.13
671.205, 23315.39
671.616, 23577.53
672.027, 23551.79
672.438, 22959.63
672.849, 22990.06
673.259, 22692.81
673.67, 22866.01
674.08, 22723.24
674.491, 22678.77
674.901, 22245.77
675.312, 22114.7
675.722, 22280.88
676.133, 22271.51
676.543, 22187.25
676.953, 21714.47
677.363, 21943.84
677.773, 21698.08
678.183, 21552.97
678.593, 21164.44
679.003, 21213.59
679.413, 21038.05
679.823, 20874.21
680.233, 20839.11
680.643, 20626.12
681.052, 20476.32
681.462, 20469.3
681.872, 20359.3
682.281, 20382.7
682.691, 20160.35
683.1, 20174.39
683.509, 19753.1
683.919, 19783.52
684.328, 19439.47
684.737, 19238.18
685.146, 19179.67
685.555, 19020.51
685.964, 18639
686.373, 17286.17
686.782, 16160.38
687.191, 15102.45
687.6, 14381.57
688.009, 14587.54
688.417, 14674.13
688.826, 14402.63
689.235, 14758.39
689.643, 15207.78
690.052, 15296.72
690.46, 15708.65
690.869, 15783.55
691.277, 16031.65
691.685, 15984.83
692.093, 16300.81
692.502, 16417.83
692.91, 16001.22
693.318, 15802.27
693.726, 15732.06
694.134, 15586.94
694.542, 15706.31
694.949, 15535.45
695.357, 15856.11
695.765, 16289.1
696.173, 16474.01
696.58, 16965.52
696.988, 16921.05
697.395, 16984.24
697.803, 16946.8
698.21, 17246.38
698.618, 16892.96
699.025, 16504.43
699.432, 16420.17
699.839, 16279.74
700.247, 16410.81
700.654, 16354.64
701.061, 16043.35
701.468, 16015.26
701.875, 16048.03
702.281, 16230.59
702.688, 16389.75
703.095, 16277.4
703.502, 16441.24
703.908, 16621.46
704.315, 16712.74
704.722, 16628.48
705.128, 16895.3
705.534, 16663.59
705.941, 16822.75
706.347, 16804.02
706.753, 17005.31
707.16, 16731.47
707.566, 17162.12
707.972, 16857.85
708.378, 17054.46
708.784, 17047.44
709.19, 16902.32
709.596, 17407.88
710.002, 17190.21
710.407, 16890.62
710.813, 16829.77
711.219, 17070.84
711.625, 17286.17
712.03, 16888.28
712.436, 17187.87
712.841, 16661.25
713.246, 16991.27
713.652, 16771.25
714.057, 16782.96
714.462, 16623.8
714.868, 16305.49
715.273, 16310.17
715.678, 16073.78
716.083, 15462.9
716.488, 14479.87
716.893, 13908.78
717.297, 13077.89
717.702, 12223.59
718.107, 11792.94
718.512, 11315.47
718.916, 10856.72
719.321, 11104.82
719.725, 10847.36
720.13, 11189.08
720.534, 11207.8
720.939, 12059.76
721.343, 12974.91
721.747, 12963.2
722.151, 13241.73
722.556, 13564.72
722.96, 13063.85
723.364, 13098.95
723.768, 12307.85
724.172, 12600.42
724.576, 11891.24
724.979, 11809.32
725.383, 11898.26
725.787, 11741.44
726.19, 11928.69
726.594, 11706.34
726.998, 11968.48
727.401, 11938.05
727.805, 11856.13
728.208, 11982.52
728.611, 11902.94
729.014, 11954.43
729.418, 11753.15
729.821, 12048.05
730.224, 12073.8
730.627, 12094.86
731.03, 12228.28
731.433, 12436.58
731.836, 12438.92
732.239, 12715.11
732.641, 13164.49
733.044, 13405.56
733.447, 13756.64
733.849, 13955.59
734.252, 13887.71
734.654, 13887.71
735.057, 14194.33
735.459, 14257.52
735.862, 13857.29
736.264, 13840.9
736.666, 14140.49
737.068, 14154.54
737.47, 14100.7
737.872, 14023.47
738.274, 14032.83
738.676, 14098.36
739.078, 14390.93
739.48, 14107.73
739.882, 13918.14
740.284, 13983.68
740.685, 14016.44
741.087, 14140.49
741.488, 14400.29
741.89, 13969.63
742.291, 14072.62
742.693, 14285.61
743.094, 14304.33
743.495, 14056.23
743.897, 14257.52
744.298, 13957.93
744.699, 14362.84
745.1, 14241.14
745.501, 14238.8
745.902, 13833.88
746.303, 14053.89
746.704, 13883.03
747.105, 13794.09
747.505, 13618.55
747.906, 13890.06
748.307, 13850.27
748.707, 13670.05
749.108, 13611.53
749.508, 13562.38
749.908, 13393.86
750.309, 13405.56
750.709, 13522.59
751.109, 13482.8
751.51, 13506.21
751.91, 13515.57
752.31, 13295.56
752.71, 13363.43
753.11, 13588.13
753.51, 13576.42
753.909, 13506.21
754.309, 13428.97
754.709, 13452.38
755.109, 13372.8
755.508, 13269.81
755.908, 12935.12
756.307, 12843.84
756.707, 13155.13
757.106, 12633.19
757.505, 12740.85
757.905, 12733.83
758.304, 12345.3
758.703, 11729.74
759.102, 10011.79
759.501, 8141.7
759.9, 6430.77
760.299, 4916.44
760.698, 4256.41
761.097, 4066.83
761.496, 4209.6
761.895, 4415.57
762.293, 4357.05
762.692, 4462.38
763.09, 4413.23
763.489, 4462.38
763.887, 4771.33
764.286, 5021.77
764.684, 5440.72
765.082, 5569.45
765.481, 6330.13
765.879, 6728.02
766.277, 7072.07
766.675, 7605.72
767.073, 8122.98
767.471, 8392.14
767.869, 8914.08
768.267, 9047.49
768.664, 9328.35
769.062, 9204.3
769.46, 9656.03
769.857, 9548.36
770.255, 9473.46
770.653, 9515.59
771.05, 9262.82
771.447, 9375.16
771.845, 9227.71
772.242, 9471.12
772.639, 9318.99
773.036, 9047.49
773.433, 9276.86
773.831, 9026.42
774.228, 9091.96
774.624, 9042.81
775.021, 9033.44
775.418, 9120.04
775.815, 9141.11
776.212, 8860.24
776.608, 8942.16
777.005, 8825.14
777.401, 8991.31
777.798, 8635.55
778.194, 8644.91
778.591, 8677.68
778.987, 8534.91
779.383, 8457.67
779.78, 8602.79
780.176, 8331.28
780.572, 8385.12
780.968, 8160.42
781.364, 8186.17
781.76, 8122.98
782.156, 8211.92
782.551, 8137.02
782.947, 7940.41
783.343, 8055.1
783.739, 7917.01
784.134, 7942.75
784.53, 7975.52
784.925, 7769.55
785.321, 7858.49
785.716, 7767.21
786.111, 7774.24
786.507, 7509.76
786.902, 7495.71
787.297, 7357.62
787.692, 7402.09
788.087, 7334.21
788.482, 7231.23
788.877, 7069.73
789.272, 6943.35
789.667, 6873.13
790.061, 7001.86
790.456, 6744.4
790.851, 6739.72
791.245, 6901.22
791.64, 6674.18
792.034, 6704.61
792.429, 6599.29
792.823, 6704.61
793.217, 6618.01
793.612, 6508.01
794.006, 6791.21
794.4, 6657.8
794.794, 6430.77
795.188, 6536.09
795.582, 6557.16
795.976, 6252.89
796.37, 6206.08
796.763, 6372.25
797.157, 6440.13
797.551, 6262.25
797.944, 6353.53
798.338, 6133.52
798.731, 6278.63
799.125, 6119.48
799.518, 5988.41
799.912, 6063.3
800.305, 5962.66
800.698, 6035.22
801.091, 5876.06
801.484, 5726.27
801.877, 5735.63
802.27, 5885.42
802.663, 5815.21
803.056, 5670.09
803.449, 5660.73
803.842, 5815.21
804.235, 5684.14
804.627, 5611.58
805.02, 5857.34
805.412, 5679.46
805.805, 5555.41
806.197, 5677.12
806.59, 5695.84
806.982, 5623.28
807.374, 5515.62
807.766, 5452.42
808.159, 5588.18
808.551, 5461.79
808.943, 5403.27
809.335, 5555.41
809.727, 5386.89
810.118, 5234.75
810.51, 5171.56
810.902, 5180.92
811.294, 4960.91
811.685, 4937.51
812.077, 4750.26
812.468, 4609.83
812.86, 4689.41
813.251, 4424.93
813.643, 4445.99
814.034, 4249.39
814.425, 4132.36
814.816, 4059.81
815.207, 3769.58
815.598, 3825.75
815.989, 3718.09
816.38, 3617.44
816.771, 3615.1
817.162, 3764.9
817.553, 3680.64
817.944, 3603.4
818.334, 3439.56
818.725, 3692.34
819.115, 3664.25
819.506, 3795.32
819.896, 3638.51
820.287, 3851.5
820.677, 3991.93
821.067, 4005.97
821.457, 3865.54
821.848, 3732.13
822.238, 3659.57
822.628, 3458.29
823.018, 3376.37
823.408, 3352.96
823.797, 3540.21
824.187, 3741.49
824.577, 3687.66
824.967, 3788.3
825.356, 3818.73
825.746, 3832.77
826.135, 3905.33
826.525, 4012.99
826.914, 3792.98
827.304, 3764.9
827.693, 3575.31
828.082, 3664.25
828.471, 3601.06
828.86, 3514.46
829.249, 3551.91
829.638, 3596.38
830.027, 3631.49
830.416, 3554.25
830.805, 3617.44
831.194, 3528.5
831.582, 3580
831.971, 3516.8
832.36, 3633.83
832.748, 3608.08
833.137, 3507.44
833.525, 3509.78
833.914, 3540.21
834.302, 3612.76
834.69, 3631.49
835.078, 3802.35
835.466, 3680.64
835.854, 3692.34
836.243, 3821.07
836.63, 3690
837.018, 3537.87
837.406, 3800.01
837.794, 3729.79
838.182, 3800.01
838.569, 3659.57
838.957, 3741.49
839.345, 3699.36
839.732, 3729.79
840.12, 3582.34
840.507, 3647.87
840.894, 3704.04
841.282, 3692.34
841.669, 3608.08
842.056, 3769.58
842.443, 3643.19
842.83, 3680.64
843.217, 3458.29
843.604, 3645.53
843.991, 3441.9
844.378, 3434.88
844.764, 3383.39
845.151, 3580
845.538, 3481.69
845.924, 3507.44
846.311, 3502.76
846.697, 3430.2
847.084, 3533.18
847.47, 3498.08
847.856, 3367.01
848.242, 3565.95
848.629, 3374.03
849.015, 3425.52
849.401, 3179.76
849.787, 3161.04
850.173, 3198.49
850.559, 3177.42
850.944, 3249.98
851.33, 3118.91
851.716, 3076.78
852.102, 3081.46
852.487, 3182.1
852.873, 3107.21
853.258, 2896.56
853.644, 2880.18
854.029, 2774.85
854.414, 2795.92
854.799, 2856.77
855.185, 2826.34
855.57, 2833.36
855.955, 2807.62
856.34, 2824
856.725, 2882.52
857.11, 2898.9
857.495, 2866.13
857.879, 2978.48
858.264, 2870.81
858.649, 2875.49
859.033, 2973.8
859.418, 2901.24
859.802, 2807.62
860.187, 2786.55
860.571, 2728.04
860.955, 2702.29
861.34, 2781.87
861.724, 2744.42
862.108, 2828.68
862.492, 2732.72
862.876, 2711.66
863.26, 2685.91
863.644, 2657.82
864.028, 2643.78
864.412, 2805.28
864.795, 2650.8
865.179, 2547.82
865.563, 2510.37
865.946, 2442.5
866.33, 2374.62
866.713, 2372.28
867.097, 2447.18
867.48, 2545.48
867.863, 2313.77
868.246, 2421.43
868.629, 2381.64
869.013, 2376.96
869.396, 2323.13
869.779, 2498.67
870.161, 2285.68
870.544, 2292.7
870.927, 2337.17
871.31, 2339.51
871.693, 2299.72
872.075, 2316.11
872.458, 2215.46
872.84, 2304.4
873.223, 2271.64
873.605, 2295.04
873.987, 2142.91
874.37, 2215.46
874.752, 2255.25
875.134, 2126.52
875.516, 2152.27
875.898, 2201.42
876.28, 2135.89
876.662, 2187.38
877.044, 2058.65
877.426, 2028.22
877.807, 2039.92
878.189, 2030.56
878.571, 2140.57
878.952, 2056.31
879.334, 2023.54
879.715, 1990.77
880.097, 2089.07
880.478, 1981.41
880.859, 2051.63
881.24, 2030.56
881.622, 2084.39
882.003, 2002.47
882.384, 2037.58
882.765, 1997.79
883.146, 2093.76
883.526, 2140.57
883.907, 2173.33
884.288, 2093.76
884.669, 2119.5
885.049, 2042.26
885.43, 2178.01
885.81, 2189.72
886.191, 2248.23
886.571, 2297.38
886.952, 2110.14
887.332, 2135.89
887.712, 2121.84
888.092, 2138.23
888.472, 2311.43
888.852, 2292.7
889.232, 2283.34
889.612, 2309.08
889.992, 2231.85
890.372, 2252.91
890.752, 2341.85
891.131, 2196.74
891.511, 2285.68
891.89, 2306.74
892.27, 2163.97
892.649, 2222.48
893.029, 2084.39
893.408, 2166.31
893.787, 2035.24
894.167, 1965.03
894.546, 1922.9
894.925, 1906.51
895.304, 1843.32
895.683, 1791.83
896.062, 1728.63
896.441, 1679.48
896.819, 1597.56
897.198, 1592.88
897.577, 1525.01
897.955, 1546.07
898.334, 1478.19
898.712, 1471.17
899.091, 1384.57
899.469, 1372.87
899.848, 1290.95
900.226, 1321.38
900.604, 1225.42
900.982, 1246.48
901.36, 1344.78
901.738, 1265.21
902.116, 1183.29
902.494, 1237.12
902.872, 1258.18
903.25, 1157.54
903.628, 1276.91
904.005, 1436.06
904.383, 1361.17
904.76, 1319.04
905.138, 1297.97
905.515, 1347.12
905.893, 1272.23
906.27, 1319.04
906.647, 1307.34
907.024, 1223.08
907.402, 1251.16
907.779, 1218.4
908.156, 1110.73
908.533, 1148.18
908.91, 1087.33
909.286, 970.3
909.663, 1103.71
910.04, 1082.64
910.417, 1087.33
910.793, 1028.81
911.17, 1059.24
911.546, 1073.28
911.923, 1087.33
912.299, 1117.75
912.675, 1063.92
913.051, 1047.54
913.428, 1007.75
913.804, 953.91
914.18, 949.23
914.556, 993.7
914.932, 974.98
915.308, 993.7
915.683, 974.98
916.059, 982
916.435, 977.32
916.811, 902.42
917.186, 939.87
917.562, 949.23
917.937, 853.27
918.313, 925.83
918.688, 972.64
919.063, 911.78
919.438, 925.83
919.814, 935.19
920.189, 1035.83
920.564, 993.7
920.939, 1052.22
921.314, 1007.75
921.689, 1045.2
922.063, 1021.79
922.438, 1056.9
922.813, 991.36
923.187, 998.38
923.562, 1049.88
923.936, 930.51
924.311, 867.31
924.685, 965.62
925.06, 909.44
925.434, 888.38
925.808, 986.68
926.182, 872
926.556, 916.47
926.93, 813.48
927.304, 853.27
927.678, 855.61
928.052, 855.61
928.426, 792.42
928.8, 792.42
929.173, 794.76
929.547, 771.35
929.92, 719.86
930.294, 684.75
930.667, 722.2
931.041, 684.75
931.414, 626.24
931.787, 567.73
932.161, 654.33
932.534, 546.66
932.907, 584.11
933.28, 516.23
933.653, 478.79
934.026, 469.42
934.398, 453.04
934.771, 424.95
935.144, 513.89
935.517, 499.85
935.889, 457.72
936.262, 448.36
936.634, 476.45
937.007, 446.02
937.379, 401.55
937.751, 352.4
938.123, 431.98
938.496, 371.12
938.868, 422.61
939.24, 408.57
939.612, 446.02
939.984, 467.08
940.355, 502.19
940.727, 504.53
941.099, 530.28
941.471, 474.1
941.842, 441.34
942.214, 469.42
942.585, 478.79
942.957, 469.42
943.328, 446.02
943.7, 453.04
944.071, 457.72
944.442, 453.04
944.813, 429.63
945.184, 422.61
945.555, 424.95
945.926, 441.34
946.297, 373.46
946.668, 441.34
947.039, 410.91
947.409, 448.36
947.78, 396.87
948.151, 474.1
948.521, 462.4
948.892, 450.7
949.262, 413.25
949.633, 406.23
950.003, 399.21
950.373, 439
950.743, 429.63
951.113, 434.32
951.483, 420.27
951.853, 413.25
952.223, 464.74
952.593, 502.19
952.963, 467.08
953.333, 483.47
953.702, 415.59
954.072, 324.31
954.442, 427.29
954.811, 413.25
955.181, 464.74
955.55, 453.04
955.919, 403.89
956.289, 394.53
956.658, 457.72
957.027, 441.34
957.396, 476.45
957.765, 434.32
958.134, 476.45
958.503, 483.47
958.872, 476.45
959.24, 446.02
959.609, 499.85
959.978, 474.1
960.346, 380.48
960.715, 497.51
961.083, 427.29
961.452, 499.85
961.82, 483.47
962.188, 450.7
962.557, 471.76
962.925, 422.61
963.293, 434.32
963.661, 464.74
964.029, 443.68
964.397, 429.63
964.765, 457.72
965.133, 527.94
965.5, 492.83
965.868, 467.08
966.236, 483.47
966.603, 450.7
966.971, 476.45
967.338, 553.68
967.706, 549
968.073, 450.7
968.44, 481.13
968.807, 544.32
969.174, 527.94
969.542, 502.19
969.909, 504.53
970.275, 607.52
970.642, 537.3
971.009, 560.7
971.376, 488.15
971.743, 558.36
972.109, 534.96
972.476, 485.81
972.842, 544.32
973.209, 565.39
973.575, 563.05
973.942, 481.13
974.308, 474.1
974.674, 523.26
975.04, 509.21
975.406, 541.98
975.772, 570.07
976.138, 502.19
976.504, 534.96
976.87, 523.26
977.236, 497.51
977.602, 502.19
977.967, 530.28
978.333, 410.91
978.698, 520.92
979.064, 387.5
979.429, 474.1
979.795, 492.83
980.16, 539.64
980.525, 474.1
980.89, 504.53
981.255, 469.42
981.621, 511.55
981.986, 460.06
982.35, 474.1
982.715, 483.47
983.08, 527.94
983.445, 506.87
983.81, 509.21
984.174, 520.92
984.539, 502.19
984.903, 537.3
985.268, 476.45
985.632, 392.19
985.996, 478.79
986.361, 511.55
986.725, 527.94
987.089, 549
987.453, 450.7
987.817, 471.76
988.181, 492.83
988.545, 471.76
988.909, 460.06
989.272, 457.72
989.636, 509.21
990, 464.74
990.363, 495.17
990.727, 499.85
991.09, 469.42
991.454, 504.53
991.817, 436.66
992.18, 520.92
992.543, 541.98
992.907, 509.21
993.27, 506.87
993.633, 413.25
993.996, 450.7
994.359, 431.98
994.721, 420.27
995.084, 467.08
995.447, 448.36
995.81, 424.95
996.172, 443.68
996.535, 478.79
996.897, 460.06
997.259, 460.06
997.622, 471.76
997.984, 523.26
998.346, 396.87
998.708, 415.59
999.071, 420.27
999.433, 453.04
999.795, 427.29
1000.156, 420.27
1000.518, 462.4
1000.88, 474.1
1001.242, 504.53
1001.603, 399.21
1001.965, 403.89
1002.327, 443.68
1002.688, 427.29
1003.049, 502.19
1003.411, 408.57
1003.772, 448.36
1004.133, 448.36
1004.495, 446.02
1004.856, 394.53
1005.217, 460.06
1005.578, 431.98
1005.939, 427.29
1006.299, 394.53
1006.66, 453.04
1007.021, 396.87
1007.382, 415.59
1007.742, 389.85
1008.103, 453.04
1008.463, 396.87
1008.824, 424.95
1009.184, 406.23
1009.544, 436.66
1009.904, 439
1010.265, 410.91
1010.625, 481.13
1010.985, 410.91
1011.345, 427.29
1011.705, 338.35
1012.065, 375.8
1012.424, 406.23
1012.784, 446.02
1013.144, 380.48
1013.503, 485.81
1013.863, 420.27
1014.222, 396.87
1014.582, 431.98
1014.941, 436.66
1015.3, 413.25
1015.66, 361.76
1016.019, 340.69
1016.378, 434.32
1016.737, 464.74
1017.096, 340.69
1017.455, 399.21
1017.814, 420.27
1018.173, 439
1018.531, 352.4
1018.89, 434.32
1019.249, 385.16
1019.607, 385.16
1019.966, 361.76
1020.324, 333.67
1020.682, 401.55
1021.041, 401.55
1021.399, 401.55
1021.757, 422.61
1022.115, 371.12
1022.473, 511.55
1022.831, 375.8
1023.189, 338.35
1023.547, 345.38
1023.905, 333.67
1024.263, 422.61
1024.62, 350.06
1024.978, 378.14
1025.335, 417.93
1025.693, 469.42
1026.05, 289.2
1026.408, 350.06
1026.765, 401.55
1027.122, 399.21
1027.479, 401.55
1027.837, 380.48
1028.194, 373.46
1028.551, 371.12
1028.908, 366.44
1029.264, 366.44
1029.621, 399.21
1029.978, 366.44
1030.335, 394.53
1030.691, 275.16
1031.048, 410.91
1031.404, 450.7
1031.761, 242.39
1032.117, 331.33
1032.473, 439
1032.83, 427.29
1033.186, 326.65
1033.542, 347.72
1033.898, 354.74
1034.254, 333.67
1034.61, 333.67
1034.966, 333.67
